object_id,catalog_type,fitted_period,catalog_period,catalog_secondary_period,relative_error_nearest_mode,relative_error_half_double,agrees_within_1_percent,half_double_alias_only
OGLE-GD-RRLYR-00001,RRab,0.5555592634281805,0.55556356,,7.733717847568933e-06,0.5000038668589237,True,False
OGLE-GD-RRLYR-00022,RRab,0.4802872244948029,0.48028804,,1.6979502490688247e-06,0.5000008489751245,True,False
OGLE-GD-RRLYR-00104,RRab,0.6052698391751958,0.6052718,,3.239577334057664e-06,0.500001619788667,True,False
OGLE-GD-RRLYR-00217,RRab,0.5664893158582098,0.56650025,,1.9301212647704347e-05,0.5000096506063239,True,False
OGLE-GD-RRLYR-00224,RRab,0.5170203438004357,0.51702062,,5.342138275077346e-07,0.5000002671069137,True,False
OGLE-GD-RRLYR-00263,RRab,0.6833746105861208,0.68339252,,2.6206628482183802e-05,0.5000131033142411,True,False
OGLE-GD-RRLYR-00267,RRab,0.5823622721059757,0.58236329,,1.7478677687421396e-06,0.5000008739338844,True,False
OGLE-GD-RRLYR-00303,RRab,0.6374833398939984,0.63744992,,5.242748167333389e-05,0.49997378625916333,True,False
OGLE-GD-RRLYR-00343,RRab,0.5428080835353604,0.54281239,,7.933615221444867e-06,0.5000039668076107,True,False
OGLE-GD-RRLYR-00358,RRc,0.427792047582509,0.42779465,,6.083333419448778e-06,0.5000030416667097,True,False
OGLE-GD-RRLYR-00402,RRab,0.5115547261917072,0.51158652,,6.214747075994342e-05,0.5000310737353799,True,False
OGLE-GD-RRLYR-00477,RRab,0.4418613649889457,0.44186152,,3.5081365379330265e-07,0.5000001754068268,True,False
OGLE-GD-RRLYR-00505,RRab,0.4044460236598956,0.40444061,,1.3385549724187484e-05,0.4999933072251379,True,False
OGLE-GD-RRLYR-00542,RRab,0.4168434277250301,0.41684331,,2.8242034177949904e-07,0.4999998587898291,True,False
OGLE-GD-RRLYR-00577,RRab,0.4865295471168456,0.48653125,,3.5000488753933467e-06,0.5000017500244377,True,False
OGLE-GD-RRLYR-00582,RRc,0.2875739239435118,0.28757338,,1.8914946571246816e-06,0.49999905425267144,True,False
OGLE-GD-RRLYR-00607,RRab,0.5115348793492647,0.51153362,,2.461909081707958e-06,0.49999876904545915,True,False
OGLE-GD-RRLYR-00631,RRab,0.4267527805290089,0.42675328,,1.1703975447696635e-06,0.5000005851987723,True,False
OGLE-GD-RRLYR-00636,RRab,0.5861055582255514,0.58610492,,1.0889271351288698e-06,0.49999945553643244,True,False
OGLE-GD-RRLYR-00642,RRab,0.5952286462284889,0.5952284,,4.136705993307288e-07,0.49999979316470033,True,False
OGLE-GD-RRLYR-00657,RRab,0.547484760536137,0.54748549,,1.3323893990335733e-06,0.5000006661946995,True,False
OGLE-GD-RRLYR-00664,RRab,0.6224095104346367,0.62240429,,8.3875299714542e-06,0.4999958062350143,True,False
OGLE-GD-RRLYR-00666,RRc,0.3559762172817222,0.35597626,,1.200031648496136e-07,0.5000000600015824,True,False
OGLE-GD-RRLYR-00720,RRab,0.671980169260467,0.67196183,,2.729211637952922e-05,0.49998635394181024,True,False
OGLE-GD-RRLYR-00725,RRab,0.5843228477607452,0.58432268,,2.8710291588573966e-07,0.49999985644854206,True,False
OGLE-GD-RRLYR-00745,RRc,0.2860487298340664,0.2860488,,2.452935778940457e-07,0.500000122646789,True,False
OGLE-GD-RRLYR-00747,RRab,0.5442910196209719,0.54428838,,4.849673571838409e-06,0.4999975751632141,True,False
OGLE-GD-RRLYR-00764,RRab,0.6199782265521584,0.61998585,,1.2296164245584329e-05,0.5000061480821227,True,False
OGLE-GD-RRLYR-00773,RRab,0.3443823793553128,0.52604264,,0.3453337178991559,0.3093325642016882,False,False
OGLE-GD-RRLYR-00778,RRab,0.6404623711813805,0.64046254,,2.635885926194348e-07,0.5000001317942964,True,False
OGLE-GD-RRLYR-00800,RRab,0.503969502268955,0.50396138,,1.6116847991298755e-05,0.49999194157600435,True,False
OGLE-GD-RRLYR-00827,RRab,0.5107432725133318,0.51074323,,8.323817013433654e-08,0.49999995838091493,True,False
OGLE-GD-RRLYR-00846,RRc,0.3575695827327778,0.35756901,,1.601740535983609e-06,0.499999199129732,True,False
OGLE-GD-RRLYR-00847,RRab,0.3279323776629241,0.48859355,,0.32882376842075767,0.34235246315848467,False,False
OGLE-GD-RRLYR-00881,RRab,0.6094243969302965,0.60942768,,5.387135851075975e-06,0.5000026935679256,True,False
OGLE-GD-RRLYR-00907,RRab,0.5896714029872077,0.5896714,,5.065885266830605e-09,0.49999999746705737,True,False
OGLE-GD-RRLYR-00910,RRab,0.6089899538848513,0.60898802,,3.175571255731313e-06,0.49999841221437213,True,False
OGLE-GD-RRLYR-00946,RRab,0.3213536280498473,0.4741466,,0.3222483762409193,0.3555032475181614,False,False
OGLE-GD-RRLYR-00990,RRc,0.3332594929286136,0.33325939,,3.08854354091892e-07,0.49999984557282295,True,False
OGLE-GD-RRLYR-00991,RRab,0.4577185295893493,0.45772473,,1.3546156116039931e-05,0.500006773078058,True,False
OGLE-GD-RRLYR-00992,RRab,0.6478464152492369,0.64784784,,2.1992058552022797e-06,0.5000010996029276,True,False
OGLE-GD-RRLYR-00998,RRd,0.4455163734614328,0.44552148,0.59775403,1.1461935723544592e-05,0.49063444527988476,True,False
OGLE-GD-RRLYR-01000,RRd,0.6188364813825913,0.3818846,0.51227179,0.20802373556933773,0.18975983663312002,False,False
OGLE-GD-RRLYR-01014,RRab,0.5702102948404206,0.57020995,,6.047604406145268e-07,0.4999996976197797,True,False
OGLE-GD-RRLYR-01096,RRab,0.4614639471518618,0.46146508,,2.454894611370051e-06,0.5000012274473057,True,False
OGLE-GD-RRLYR-01101,RRc,0.2644448396946375,0.26444477,,2.635508258297392e-07,0.4999998682245871,True,False
OGLE-GD-RRLYR-01155,RRab,0.6000555109438573,0.60005517,,5.681875174801121e-07,0.49999971590624126,True,False
OGLE-GD-RRLYR-01165,RRc,0.3233648304265769,0.32336546,,1.946940848651657e-06,0.5000009734704243,True,False
OGLE-GD-RRLYR-01168,RRab,0.5160711710610194,0.5160705,,1.3003281904566677e-06,0.49999934983590477,True,False
OGLE-GD-RRLYR-01184,RRab,0.5547166323327131,0.55472041,,6.810038388538331e-06,0.5000034050191943,True,False
OGLE-GD-RRLYR-01296,RRab,0.554557082299976,0.55455694,,2.5660119962189754e-07,0.4999998716994002,True,False
OGLE-GD-RRLYR-01306,RRab,0.5147102397521134,0.51471093,,1.3410398854718508e-06,0.5000006705199427,True,False
OGLE-GD-RRLYR-01326,RRab,0.5257344480716746,0.52573467,,4.221299032547421e-07,0.5000002110649516,True,False
OGLE-GD-RRLYR-01327,RRab,0.586837710635886,0.58683515,,4.363467126955456e-06,0.4999978182664365,True,False
OGLE-GD-RRLYR-01364,RRab,0.732089856462912,0.73208993,,1.0044816212140262e-07,0.5000000502240811,True,False
OGLE-GD-RRLYR-01374,RRab,0.6803092942649716,0.68030813,,1.7113788888245551e-06,0.4999991443105556,True,False
OGLE-GD-RRLYR-01385,RRc,0.2650679049752302,0.2650679,,1.876964428326744e-08,0.49999999061517786,True,False
OGLE-GD-RRLYR-01431,RRab,0.6339374894027052,0.63393893,,2.272454374674382e-06,0.5000011362271873,True,False
OGLE-GD-RRLYR-01439,RRab,0.5860154817750682,0.58601522,,4.4670353149811604e-07,0.49999977664823425,True,False
OGLE-GD-RRLYR-01444,RRab,0.5110532045547217,0.51104926,,7.718541108481247e-06,0.49999614072944576,True,False
OGLE-GD-RRLYR-01480,RRab,0.4169639673223289,0.41696723,,7.824781988574614e-06,0.5000039123909943,True,False
OGLE-GD-RRLYR-01496,RRab,0.8225690446294606,0.82256307,,7.2634302201723955e-06,0.4999963682848899,True,False
OGLE-GD-RRLYR-01525,RRc,0.3198563420577558,0.31985536,,3.0703182709590493e-06,0.4999984648408645,True,False
OGLE-GD-RRLYR-01526,RRc,0.2690498349749805,0.26904991,,2.788516804130836e-07,0.5000001394258402,True,False
OGLE-GD-RRLYR-01571,RRab,0.590754492305186,0.59075634,,3.1276766561116887e-06,0.5000015638383281,True,False
OGLE-GD-RRLYR-01579,RRc,0.2906993011667625,0.29069965,,1.1999781818206046e-06,0.5000005999890909,True,False
OGLE-GD-RRLYR-01597,RRc,0.2139914316717034,0.21399173,,1.3941113359283719e-06,0.500000697055668,True,False
OGLE-GD-RRLYR-01686,RRab,0.4151142981273529,0.415114,,7.181818799661954e-07,0.49999964090906,True,False
OGLE-GD-RRLYR-01781,RRab,0.6315490396475223,0.63154713,,3.0237609065508764e-06,0.4999984881195467,True,False
OGLE-GD-RRLYR-01811,RRab,0.6247127730285309,0.62471356,,1.2597316906282074e-06,0.5000006298658453,True,False
OGLE-GD-RRLYR-01823,RRab,0.5069011942799692,0.50690163,,8.59575122746925e-07,0.5000004297875613,True,False
OGLE-GD-RRLYR-01832,RRc,0.2457367290525727,0.24573672,,3.683850224867058e-08,0.4999999815807489,True,False
OGLE-GD-RRLYR-01839,RRab,0.4746701084598911,0.47466767,,5.137193967996723e-06,0.499997431403016,True,False
OGLE-GD-RRLYR-01843,RRc,0.3220749784341038,0.3220749,,2.4352752681089385e-07,0.4999998782362366,True,False
OGLE-GD-RRLYR-01852,RRab,0.5802840867211716,0.58028406,,4.604843284461424e-08,0.4999999769757836,True,False
OGLE-GD-RRLYR-01863,RRab,0.6611392376413058,0.66113978,,8.203389216809853e-07,0.5000004101694608,True,False
OGLE-GD-RRLYR-01893,RRab,0.5056845256569376,0.50568559,,2.104752604203952e-06,0.5000010523763021,True,False
OGLE-GD-RRLYR-01896,RRab,0.5860849806816002,0.58608179,,5.444089297146348e-06,0.4999972779553514,True,False
OGLE-GD-RRLYR-01907,RRab,0.5894606151393188,0.58946075,,2.2878653271884986e-07,0.5000001143932664,True,False
OGLE-GD-RRLYR-01934,RRc,0.3088842000665289,0.30888462,,1.3595156376222661e-06,0.5000006797578188,True,False
OGLE-GD-RRLYR-01958,RRab,0.5198692490287318,0.51986633,,5.614960160382765e-06,0.4999971925199198,True,False
OGLE-GD-RRLYR-01961,RRc,0.3053083349162221,0.30530896,,2.0473810461441033e-06,0.500001023690523,True,False
OGLE-GD-RRLYR-01969,RRab,0.5533612726825238,0.55335169,,1.731752644285045e-05,0.4999913412367786,True,False
OGLE-GD-RRLYR-02072,RRab,0.6365992085214668,0.63659526,,6.202561839252496e-06,0.4999968987190804,True,False
OGLE-GD-RRLYR-02089,RRab,0.5988198812104937,0.59881786,,3.3753343522402446e-06,0.4999983123328239,True,False
OGLE-GD-RRLYR-02094,RRc,0.2636588675486945,0.26365849,,1.4319610739388366e-06,0.49999928401946303,True,False
OGLE-GD-RRLYR-02117,RRc,0.2898897501331504,0.28988895,,2.7601367709184643e-06,0.49999861993161454,True,False
OGLE-GD-RRLYR-02118,RRab,0.5179161381494379,0.51791741,,2.4557015028126017e-06,0.5000012278507514,True,False
OGLE-GD-RRLYR-02153,RRab,0.6041071846697962,0.60410725,,1.0814338646802923e-07,0.5000000540716932,True,False
OGLE-GD-RRLYR-02168,RRab,0.4934883967064907,0.49348754,,1.7360245623265769e-06,0.49999913198771884,True,False
OGLE-GD-RRLYR-02203,RRc,0.3081918870012861,0.30819193,,1.3951927269051367e-07,0.5000000697596363,True,False
OGLE-GD-RRLYR-02222,RRc,0.3936694245487541,0.39366938,,1.1316286285811827e-07,0.49999994341856857,True,False
OGLE-GD-RRLYR-02240,RRab,0.4997194624115123,0.4997203,,1.6761145938959388e-06,0.5000008380572969,True,False
OGLE-GD-RRLYR-02293,RRab,0.6134974843318733,0.61350114,,5.958698180541511e-06,0.5000029793490903,True,False
OGLE-GD-RRLYR-02298,RRab,0.5384208084626413,0.53842445,,6.763320942737572e-06,0.5000033816604714,True,False
OGLE-GD-RRLYR-02303,RRab,0.5241737525613018,0.52417098,,5.289421596499366e-06,0.49999735528920175,True,False
OGLE-GD-RRLYR-02376,RRab,0.3553146433653463,0.35531425,,1.10709138834153e-06,0.49999944645430583,True,False
OGLE-GD-RRLYR-02409,RRab,0.667524722754331,0.66752551,,1.1793491894174224e-06,0.5000005896745947,True,False
OGLE-GD-RRLYR-02442,RRab,0.536734848989343,0.53673353,,2.4574379449138206e-06,0.49999877128102754,True,False
OGLE-GD-RRLYR-02545,RRab,0.5714230209631558,0.57141712,,1.0326892473599969e-05,0.4999948365537632,True,False
OGLE-GD-RRLYR-02547,RRab,0.5273272725887223,0.52732747,,3.7436183208949814e-07,0.5000001871809161,True,False
OGLE-GD-RRLYR-02551,RRab,0.4906788921984501,0.49067819,,1.431077362834543e-06,0.4999992844613186,True,False
OGLE-GD-RRLYR-02578,RRab,0.4709844211145841,0.47098187,,5.416587657736116e-06,0.49999729170617113,True,False
OGLE-GD-RRLYR-02582,RRc,0.3515326771215754,0.35153312,,1.2598483596359955e-06,0.5000006299241798,True,False
OGLE-GD-RRLYR-02586,RRab,0.4779302377305449,0.47793121,,2.034329281586089e-06,0.5000010171646407,True,False
OGLE-GD-RRLYR-02610,RRab,0.5012742726162567,0.50127417,,2.0471084050122101e-07,0.49999989764457975,True,False
OGLE-GD-RRLYR-02639,RRab,0.5887061094073511,0.58870678,,1.1390944891775945e-06,0.5000005695472446,True,False
OGLE-GD-RRLYR-02702,RRc,0.3579189916283462,0.3579192,,5.821751216661397e-07,0.5000002910875608,True,False
OGLE-GD-RRLYR-02708,RRab,0.7532975617514481,0.75329738,,2.4127449926858446e-07,0.49999987936275037,True,False
OGLE-GD-RRLYR-02753,RRab,0.4909131846113609,0.49090607,,1.449281603083108e-05,0.4999927535919846,True,False
OGLE-GD-RRLYR-02768,RRab,0.89931971711536,0.89932005,,3.701514716958343e-07,0.5000001850757358,True,False
OGLE-GD-RRLYR-02808,RRab,0.752153677253089,0.75216826,,1.9387612701149415e-05,0.5000096938063505,True,False
OGLE-GD-RRLYR-02814,RRc,0.3418069826586292,0.34180792,,2.7423044228758187e-06,0.5000013711522114,True,False
OGLE-GD-RRLYR-02860,RRab,0.647550913405531,0.64754995,,1.487770219021911e-06,0.4999992561148905,True,False
OGLE-GD-RRLYR-02861,RRc,0.2907459040434806,0.29074577,,4.610332957621921e-07,0.4999997694833521,True,False
OGLE-GD-RRLYR-02888,RRab,0.3833747170148286,0.38337692,,5.746264463146744e-06,0.5000028731322316,True,False
OGLE-GD-RRLYR-02892,RRab,0.4671245602437154,0.46712552,,2.0546004093624504e-06,0.5000010273002047,True,False
OGLE-GD-RRLYR-02901,RRab,0.5756156720833061,0.57561574,,1.1798963994724687e-07,0.5000000589948199,True,False
OGLE-GD-RRLYR-02908,RRc,0.2764099026141279,0.27641017,,9.673517877839544e-07,0.5000004836758939,True,False
OGLE-GD-RRLYR-02936,RRab,0.5993672780830425,0.59936965,,3.957352457728547e-06,0.5000019786762289,True,False
OGLE-GD-RRLYR-02997,RRab,0.4095059439343449,0.40950553,,1.0108150307885921e-06,0.4999994945924846,True,False
OGLE-GD-RRLYR-03005,RRab,0.508629166860584,0.50864453,,3.020407870302222e-05,0.5000151020393515,True,False
OGLE-GD-RRLYR-03090,RRc,0.2805189169070368,0.2805191,,6.526933932216039e-07,0.5000003263466966,True,False
OGLE-GD-RRLYR-03095,RRab,0.4952848793374275,0.4952847,,3.620895769884669e-07,0.4999998189552115,True,False
OGLE-GD-RRLYR-03100,RRab,0.5480000016231015,0.5480011,,2.004333382821244e-06,0.5000010021666914,True,False
OGLE-GD-RRLYR-03151,RRc,0.2970090514427304,0.297009,,1.7320259781961056e-07,0.4999999133987011,True,False
OGLE-GD-RRLYR-03162,RRab,0.5025446032902556,0.50254521,,1.2072739571378222e-06,0.5000006036369786,True,False
OGLE-GD-RRLYR-03216,RRab,0.5690947640737611,0.56909939,,8.128503245830032e-06,0.5000040642516229,True,False
OGLE-GD-RRLYR-03223,RRab,0.4330069058961045,0.43300623,,1.5609385217718597e-06,0.4999992195307391,True,False
OGLE-GD-RRLYR-03237,RRab,0.5078216228184866,0.50781956,,4.0621091608183946e-06,0.4999979689454196,True,False
OGLE-GD-RRLYR-03241,RRab,0.4622731500154378,0.46227163,,3.288143461954718e-06,0.499998355928269,True,False
OGLE-GD-RRLYR-03256,RRc,0.2396008682094861,0.23960084,,1.1773533881154208e-07,0.4999999411323306,True,False
OGLE-GD-RRLYR-03263,RRab,0.6457917295508512,0.64579431,,3.995775603504725e-06,0.5000019978878018,True,False
OGLE-GD-RRLYR-03265,RRab,0.9168204314410074,0.91682176,,1.449091907024247e-06,0.5000007245459535,True,False
OGLE-GD-RRLYR-03270,RRab,0.5990009025852829,0.59900117,,4.464343817955907e-07,0.500000223217191,True,False
OGLE-GD-RRLYR-03279,RRab,0.6091776843421335,0.60918136,,6.0337661456077996e-06,0.5000030168830728,True,False
OGLE-GD-RRLYR-03307,RRab,0.6163121620546288,0.61629537,,2.7246764207955465e-05,0.499986376617896,True,False
OGLE-GD-RRLYR-03344,RRc,0.3157394136089073,0.31573933,,2.6480358750191613e-07,0.49999986759820625,True,False
OGLE-GD-RRLYR-03399,RRab,0.6132017530544698,0.61319747,,6.9847882278040174e-06,0.4999965076058861,True,False
OGLE-GD-RRLYR-03401,RRc,0.3433764303448249,0.3433767,,7.853042301997348e-07,0.500000392652115,True,False
OGLE-GD-RRLYR-03418,RRab,0.5359889845553535,0.53599108,,3.909476714580862e-06,0.5000019547383573,True,False
OGLE-GD-RRLYR-03470,RRab,0.795570095130752,0.79556751,,3.249417201534044e-06,0.49999837529139923,True,False
OGLE-GD-RRLYR-03481,RRc,0.2867057780670842,0.28670611,,1.1577462224465762e-06,0.5000005788731112,True,False
OGLE-GD-RRLYR-03498,RRc,0.2881479833139388,0.28814668,,4.523091984953709e-06,0.4999977384540075,True,False
OGLE-GD-RRLYR-03510,RRab,0.6530140543016281,0.6530153,,1.9076097786951962e-06,0.5000009538048893,True,False
OGLE-GD-RRLYR-03521,RRab,0.5623353907346811,0.5623354,,1.647649949809704e-08,0.5000000082382497,True,False
OGLE-GD-RRLYR-03583,RRab,0.4182572683467122,0.41825716,,2.590432932603193e-07,0.49999987047835337,True,False
OGLE-GD-RRLYR-03588,RRab,0.549459254261628,0.54945736,,3.4475134302880406e-06,0.49999827624328486,True,False
OGLE-GD-RRLYR-03625,RRab,0.3940157636205089,0.65137928,,0.39510546970344396,0.2097890605931121,False,False
OGLE-GD-RRLYR-03634,RRab,0.586681426194241,0.5866843,,4.898385313922837e-06,0.5000024491926569,True,False
OGLE-GD-RRLYR-03654,RRab,0.4821963463514439,0.48219693,,1.2103945914443415e-06,0.5000006051972957,True,False
OGLE-GD-RRLYR-03655,RRc,0.3294455177306699,0.32944547,,1.4488185207106596e-07,0.49999992755907396,True,False
OGLE-GD-RRLYR-03685,RRc,0.3437279443204498,0.34372704,,2.6309261260681893e-06,0.49999868453693697,True,False
OGLE-GD-RRLYR-03803,RRab,0.4885371210864034,0.48853801,,1.8195382517349756e-06,0.5000009097691258,True,False
OGLE-GD-RRLYR-03816,RRc,0.250368645990125,0.25036898,,1.3340705188324975e-06,0.5000006670352595,True,False
OGLE-GD-RRLYR-03870,RRab,0.4530518154488927,0.45304984,,4.36033459960683e-06,0.4999978198327002,True,False
OGLE-GD-RRLYR-03873,RRc,0.3099235899681935,0.3099234,,6.129520826458901e-07,0.4999996935239587,True,False
OGLE-GD-RRLYR-03875,RRab,0.3619476456941076,0.36194676,,2.447028694563258e-06,0.4999987764856527,True,False
OGLE-GD-RRLYR-03886,RRab,0.6169375077797805,0.61693969,,3.5371694427910327e-06,0.5000017685847213,True,False
OGLE-GD-RRLYR-03910,RRab,0.4588538664480142,0.45885423,,7.923038778390179e-07,0.5000003961519389,True,False
OGLE-GD-RRLYR-03945,RRc,0.342257128071,0.34225728,,4.4390290254714415e-07,0.5000002219514512,True,False
OGLE-GD-RRLYR-03955,RRab,0.6263990240154919,0.62640062,,2.547865466828725e-06,0.5000012739327334,True,False
OGLE-GD-RRLYR-03980,RRab,0.6085732392067763,0.60857386,,1.020078686408965e-06,0.5000005100393432,True,False
OGLE-GD-RRLYR-04020,RRc,0.2554833865425238,0.25548333,,2.2131590249330202e-07,0.49999988934204875,True,False
OGLE-GD-RRLYR-04023,RRc,0.335347261279014,0.33534598,,3.820767477291653e-06,0.49999808961626135,True,False
OGLE-GD-RRLYR-04027,RRab,0.5585574944475665,0.55856167,,7.475544165913561e-06,0.500003737772083,True,False
OGLE-GD-RRLYR-04028,RRab,0.6448841343604566,0.64488234,,2.782461768990885e-06,0.4999986087691155,True,False
OGLE-GD-RRLYR-04044,RRab,0.6668194761150337,0.66682096,,2.225312423220771e-06,0.5000011126562116,True,False
OGLE-GD-RRLYR-04060,RRab,0.6550275906120215,0.65502847,,1.3425187128657257e-06,0.5000006712593564,True,False
OGLE-GD-RRLYR-04117,RRab,0.4587383632344963,0.45873911,,1.6278653540702237e-06,0.500000813932677,True,False
OGLE-GD-RRLYR-04120,RRab,0.7249568575392783,0.72495953,,3.68635849468113e-06,0.5000018431792473,True,False
OGLE-GD-RRLYR-04152,RRab,0.4555210047181396,0.45552064,,8.006621601275299e-07,0.49999959966891994,True,False
OGLE-GD-RRLYR-04181,RRab,0.4539931962322654,0.45399274,,1.0049329541850227e-06,0.4999994975335229,True,False
OGLE-GD-RRLYR-04188,RRab,0.5592922147099293,0.5592926,,6.888881968203364e-07,0.5000003444440984,True,False
OGLE-GD-RRLYR-04200,RRc,0.2892770299350904,0.289277,,1.0348244217084357e-07,0.4999999482587789,True,False
OGLE-GD-RRLYR-04203,RRab,0.660731578542401,0.66073215,,8.64885413731642e-07,0.5000004324427069,True,False
OGLE-GD-RRLYR-04204,RRc,0.3677119636450731,0.36771195,,3.710804907797183e-08,0.49999998144597546,True,False
OGLE-GD-RRLYR-04215,RRab,0.5481523843720626,0.54815378,,2.546051835028429e-06,0.5000012730259176,True,False
OGLE-GD-RRLYR-04268,RRab,0.6560845174437915,0.65608998,,8.325925368479759e-06,0.5000041629626842,True,False
OGLE-GD-RRLYR-04313,RRab,0.3669889203045969,0.36698633,,7.0583135804991315e-06,0.49999647084320975,True,False
OGLE-GD-RRLYR-04335,RRc,0.3055889238940947,0.30558852,,1.321692630007476e-06,0.499999339153685,True,False
OGLE-GD-RRLYR-04351,RRab,0.5829159518670513,0.58292421,,1.4166735241238904e-05,0.5000070833676207,True,False
OGLE-GD-RRLYR-04388,RRc,0.2634837727653428,0.26348369,,3.14119415811831e-07,0.4999998429402921,True,False
OGLE-GD-RRLYR-04404,RRab,0.6088418847298177,0.60884274,,1.4047472789435744e-06,0.5000007023736395,True,False
OGLE-GD-RRLYR-04419,RRc,0.2690089186918625,0.26900938,,1.7148403431699322e-06,0.5000008574201715,True,False
OGLE-GD-RRLYR-04449,RRab,0.516858509462841,0.5168534,,9.885710031021233e-06,0.4999950571449845,True,False
OGLE-GD-RRLYR-04450,RRab,0.5194346332997507,0.51943199,,5.0888274145677315e-06,0.4999974555862927,True,False
OGLE-GD-RRLYR-04474,RRab,0.401177929051726,0.40117693,,2.490302037028158e-06,0.4999987548489815,True,False
OGLE-GD-RRLYR-04488,RRab,0.5731771428570168,0.5731757,,2.5173031878988894e-06,0.49999874134840605,True,False
OGLE-GD-RRLYR-04489,RRab,0.6139001488730778,0.61389673,,5.569133879834709e-06,0.4999972154330601,True,False
OGLE-GD-RRLYR-04525,RRab,0.6607339482124941,0.66073386,,1.3350684668900215e-07,0.49999993324657666,True,False
OGLE-GD-RRLYR-04538,RRc,0.3005033874015199,0.30050348,,3.081444518437948e-07,0.5000001540722259,True,False
OGLE-GD-RRLYR-04571,RRab,0.7621317103212784,0.7621328,,1.4297753904157773e-06,0.5000007148876953,True,False
OGLE-GD-RRLYR-04576,RRab,0.5559032153604299,0.55590487,,2.9764797170317436e-06,0.5000014882398585,True,False
OGLE-GD-RRLYR-04637,RRab,0.4908628536497724,0.4908658,,6.002353856393583e-06,0.5000030011769282,True,False
OGLE-GD-RRLYR-04719,RRab,0.8900908016989035,0.89009088,,8.796977735148204e-08,0.5000000439848886,True,False
OGLE-GD-RRLYR-04722,RRab,0.5851342426592945,0.5851355,,2.1488026372695757e-06,0.5000010744013186,True,False
OGLE-GD-RRLYR-04728,RRab,0.4313709974317673,0.43137131,,7.245920752296797e-07,0.5000003622960376,True,False
OGLE-GD-RRLYR-04745,RRab,0.6997434393710465,0.69974539,,2.7876267301163438e-06,0.5000013938133651,True,False
OGLE-GD-RRLYR-04754,RRab,0.544250458664868,0.54424574,,8.670099775009987e-06,0.4999956649501125,True,False
OGLE-GD-RRLYR-04771,RRab,0.4396714545863434,0.43967984,,1.9071635525946817e-05,0.500009535817763,True,False
OGLE-GD-RRLYR-04803,RRc,0.3025920729786784,0.30259096,,3.678162356246517e-06,0.4999981609188219,True,False
OGLE-GD-RRLYR-04820,RRab,0.3888978711744971,0.38889769,,4.6586673496662456e-07,0.4999997670666325,True,False
OGLE-GD-RRLYR-04829,RRab,0.4366724192010608,0.43667126,,2.654630993692564e-06,0.49999867268450315,True,False
OGLE-GD-RRLYR-04830,RRab,0.6038588885884174,0.60385337,,9.138954407905686e-06,0.49999543052279605,True,False
OGLE-GD-RRLYR-04853,RRab,0.5593950078108637,0.55939412,,1.5870936642681244e-06,0.49999920645316787,True,False
OGLE-GD-RRLYR-04877,RRab,0.5574244696072783,0.55742426,,3.7602826674643097e-07,0.4999998119858666,True,False
OGLE-GD-RRLYR-04975,RRab,0.654898781873508,0.65490005,,1.9363664607308095e-06,0.5000009681832304,True,False
OGLE-GD-RRLYR-04983,RRc,0.2671446922561472,0.36488879,,0.2678736656827765,0.46425266863444703,False,False
OGLE-GD-RRLYR-05018,RRc,0.3534336497506505,0.35343293,,2.036456112186613e-06,0.4999989817719439,True,False
OGLE-GD-RRLYR-05065,RRab,0.562179818348742,0.56218067,,1.514906690203155e-06,0.5000007574533452,True,False
OGLE-GD-RRLYR-05124,RRab,0.6814771222776982,0.68147648,,9.424796261203738e-07,0.49999952876018694,True,False
OGLE-GD-RRLYR-05139,RRab,0.6362815529458061,0.63628033,,1.9220235931705076e-06,0.4999990389882034,True,False
OGLE-GD-RRLYR-05143,RRab,0.5865240885146342,0.58652722,,5.339028196882367e-06,0.5000026695140984,True,False
OGLE-GD-RRLYR-05158,RRab,0.5855588620613202,0.58556265,,6.46888711175464e-06,0.5000032344435559,True,False
OGLE-GD-RRLYR-05180,RRab,0.5257237977844567,0.52571346,,1.9664294798049653e-05,0.499990167852601,True,False
OGLE-GD-RRLYR-05188,RRab,0.7493571380661102,0.74935755,,5.497160733280992e-07,0.5000002748580367,True,False
OGLE-GD-RRLYR-05219,RRc,0.3920613987111259,0.39205988,,3.873671353016306e-06,0.4999980631643235,True,False
OGLE-GD-RRLYR-05229,RRc,0.3205428725865074,0.32053949,,1.0552791817941554e-05,0.49999472360409103,True,False
OGLE-GD-RRLYR-05236,RRab,0.7737027147547455,0.77370445,,2.2427753316733856e-06,0.5000011213876658,True,False
OGLE-GD-RRLYR-05314,RRab,0.4237612154376906,0.42375912,,4.944879276269631e-06,0.49999752756036187,True,False
OGLE-GD-RRLYR-05322,RRc,0.3186655139780923,0.31866613,,1.9331263969579737e-06,0.5000009665631985,True,False
OGLE-GD-RRLYR-05331,RRc,0.3178353250956023,0.31783513,,6.138264272426142e-07,0.4999996930867864,True,False
OGLE-GD-RRLYR-05339,RRc,0.321207718374028,0.32120745,,8.355161997819494e-07,0.4999995822419001,True,False
OGLE-GD-RRLYR-05365,RRab,0.4908503116640348,0.49084818,,4.342817436553403e-06,0.4999978285912817,True,False
OGLE-GD-RRLYR-05433,RRc,0.3415851064211429,0.3415847,,1.1898107348251585e-06,0.4999994050946326,True,False
OGLE-GD-RRLYR-05438,RRab,0.3928770865986773,0.39287697,,2.9678165480717666e-07,0.4999998516091726,True,False
OGLE-GD-RRLYR-05451,RRab,0.7034169966083366,0.70341162,,7.643616033226053e-06,0.4999961781919834,True,False
OGLE-GD-RRLYR-05469,RRc,0.244572770181478,0.24457106,,6.992574992370493e-06,0.4999965037125038,True,False
OGLE-GD-RRLYR-05509,RRab,0.4750712677686808,0.47506935,,4.0368183735761676e-06,0.4999979815908132,True,False
OGLE-GD-RRLYR-05524,RRab,0.4395446570681898,0.43954237,,5.2032940300872355e-06,0.49999739835298496,True,False
OGLE-GD-RRLYR-05534,RRab,0.534519105064379,0.53451957,,8.698196419798521e-07,0.500000434909821,True,False
OGLE-GD-RRLYR-05540,RRab,0.435473201169551,0.43547386,,1.5129046987416572e-06,0.5000007564523494,True,False
OGLE-GD-RRLYR-05580,RRab,0.4493040154799759,0.44930819,,9.29099472701811e-06,0.5000046454973635,True,False
OGLE-GD-RRLYR-05589,RRab,0.3806303132528041,0.38062907,,3.2663107001340563e-06,0.49999836684464993,True,False
OGLE-GD-RRLYR-05596,RRab,0.518211283906211,0.51821063,,1.2618541054276733e-06,0.4999993690729473,True,False
OGLE-GD-RRLYR-05607,RRab,0.4883422784665672,0.48834769,,1.1081312645933039e-05,0.500005540656323,True,False
OGLE-GD-RRLYR-05640,RRab,0.4984638623539112,0.49845917,,9.413717699802149e-06,0.4999952931411501,True,False
OGLE-GD-RRLYR-05698,RRab,0.6661773668725329,0.66617746,,1.397937826608242e-07,0.5000000698968914,True,False
OGLE-GD-RRLYR-05717,RRab,0.487342870796755,0.48734369,,1.6809558877062258e-06,0.5000008404779439,True,False
OGLE-GD-RRLYR-05721,RRab,0.8265676443593286,0.82656482,,3.4169846820919503e-06,0.49999829150765895,True,False
OGLE-GD-RRLYR-05792,RRab,0.817769247757412,0.81776745,,2.1983724249885483e-06,0.4999989008137875,True,False
OGLE-GD-RRLYR-05807,RRab,0.5355525854292182,0.53554871,,7.236371119656582e-06,0.49999638181444017,True,False
OGLE-GD-RRLYR-05823,RRc,0.286304004109765,0.28630389,,3.9856169942176223e-07,0.4999998007191503,True,False
OGLE-GD-RRLYR-05874,RRab,0.6748376046979834,0.67483694,,9.84975694118262e-07,0.49999950751215294,True,False
OGLE-GD-RRLYR-05876,RRab,0.5628099510814484,0.56281022,,4.778139097716405e-07,0.5000002389069549,True,False
OGLE-GD-RRLYR-05891,RRab,0.7791266811065408,0.77913062,,5.055498215611465e-06,0.5000025277491078,True,False
OGLE-GD-RRLYR-05893,RRab,0.6643569089294343,0.66435433,,3.881858396725946e-06,0.49999805907080164,True,False
OGLE-GD-RRLYR-05941,RRab,0.6101060363316819,0.61010398,,3.3704610187257344e-06,0.49999831476949064,True,False
OGLE-GD-RRLYR-05961,RRc,0.3246968031837463,0.32469662,,5.641689349022982e-07,0.49999971791553255,True,False
OGLE-GD-RRLYR-06045,RRc,0.306789243495868,0.30678818,,3.466547726871383e-06,0.49999826672613656,True,False
OGLE-GD-RRLYR-06076,RRab,0.536750820919062,0.53675085,,5.417958437448078e-08,0.5000000270897922,True,False
OGLE-GD-RRLYR-06097,RRab,0.597033223251843,0.59703375,,8.822753436721342e-07,0.5000004411376718,True,False
OGLE-GD-RRLYR-06115,RRab,0.5711513494803067,0.57113675,,2.5562144804425202e-05,0.4999872189275978,True,False
OGLE-GD-RRLYR-06159,RRab,0.619662877941671,0.6196617,,1.9009431613259409e-06,0.49999904952841934,True,False
OGLE-GD-RRLYR-06179,RRc,0.3153716954554138,0.31537151,,5.880537965463617e-07,0.4999997059731017,True,False
OGLE-GD-RRLYR-06229,RRab,0.4485253191878431,0.44852678,,3.256911787707928e-06,0.5000016284558939,True,False
OGLE-GD-RRLYR-06262,RRab,0.4317737167291115,0.43177238,,3.095911580874855e-06,0.49999845204420956,True,False
OGLE-GD-RRLYR-06269,RRab,0.5743899914996612,0.57438798,,3.501987735132772e-06,0.49999824900613243,True,False
OGLE-GD-RRLYR-06312,RRab,0.6376938745230112,0.63769439,,8.083448701512452e-07,0.5000004041724351,True,False
OGLE-GD-RRLYR-06313,RRab,0.4280511346528221,0.4280477,,8.023995508255055e-06,0.4999959880022459,True,False
OGLE-GD-RRLYR-06378,RRab,0.896224769584526,0.89621335,,1.2742037960089547e-05,0.49999362898101996,True,False
OGLE-GD-RRLYR-06412,RRab,0.756421558011615,0.756421,,7.376997928076889e-07,0.4999996311501036,True,False
OGLE-GD-RRLYR-06421,RRab,0.5821209691164618,0.58211855,,4.155711000430884e-06,0.4999979221444998,True,False
OGLE-GD-RRLYR-06428,RRab,0.4138128060275201,0.41381552,,6.558411535406705e-06,0.5000032792057677,True,False
OGLE-GD-RRLYR-06429,RRab,0.4920043066104712,0.49200159,,5.521548154252542e-06,0.4999972392259229,True,False
OGLE-GD-RRLYR-06431,RRab,0.7065337132678956,0.70653395,,3.3506118757298253e-07,0.5000001675305938,True,False
OGLE-GD-RRLYR-06445,RRc,0.3701106051144859,0.37011082,,5.805977628670078e-07,0.5000002902988814,True,False
OGLE-GD-RRLYR-06473,RRab,0.561271653910211,0.5612728,,2.0419478531374935e-06,0.5000010209739265,True,False
OGLE-GD-RRLYR-06492,RRab,0.6131750295357246,0.61318146,,1.0487049421525896e-05,0.5000052435247108,True,False
OGLE-GD-RRLYR-06541,RRab,0.5334578952810979,0.533473,,2.8313933230106336e-05,0.500014156966615,True,False
OGLE-GD-RRLYR-06543,RRab,0.471854487083496,0.47185399,,1.0534688834606953e-06,0.49999947326555827,True,False
OGLE-GD-RRLYR-06561,RRab,0.4032356139095973,0.40323582,,5.110915065609234e-07,0.5000002555457532,True,False
OGLE-GD-RRLYR-06584,RRab,0.5417764642698158,0.54177601,,8.38482707710142e-07,0.49999958075864614,True,False
OGLE-GD-RRLYR-06600,RRab,0.4832030047599437,0.48320214,,1.789644275440594e-06,0.4999991051778623,True,False
OGLE-GD-RRLYR-06630,RRab,0.6346052742903316,0.63460282,,3.867443153948713e-06,0.499998066278423,True,False
OGLE-GD-RRLYR-06650,RRab,0.5068054450104874,0.50680717,,3.4036407033921634e-06,0.5000017018203518,True,False
OGLE-GD-RRLYR-06654,RRab,0.4548536505895773,0.45485715,,7.69342731610223e-06,0.500003846713658,True,False
OGLE-GD-RRLYR-06661,RRab,0.5363621861431753,0.53636192,,4.962007282838243e-07,0.49999975189963586,True,False
OGLE-GD-RRLYR-06821,RRab,0.5123159894782032,0.51231393,,4.019953553147104e-06,0.4999979900232234,True,False
OGLE-GD-RRLYR-06841,RRab,0.5494377581988823,0.5494401,,4.262159091883433e-06,0.5000021310795459,True,False
OGLE-GD-RRLYR-06851,RRab,0.5520441333955078,0.55204444,,5.553982069805841e-07,0.5000002776991035,True,False
OGLE-GD-RRLYR-06855,RRab,0.4751347409509366,0.47513419,,1.1595691242760608e-06,0.49999942021543786,True,False
OGLE-GD-RRLYR-06860,RRab,0.5598136528922908,0.55982196,,1.483883859998425e-05,0.5000074194193,True,False
OGLE-GD-RRLYR-06862,RRab,0.6428363819130818,0.64283617,,3.296533264141033e-07,0.4999998351733368,True,False
OGLE-GD-RRLYR-06918,RRc,0.260068278101917,0.26006692,,5.222124817017004e-06,0.4999973889375915,True,False
OGLE-GD-RRLYR-06920,RRab,0.7044666856274204,0.70446739,,9.998654154630415e-07,0.5000004999327077,True,False
OGLE-GD-RRLYR-06942,RRab,0.363208640337382,0.36320963,,2.724769764594903e-06,0.5000013623848822,True,False
OGLE-GD-RRLYR-06995,RRab,0.4933156537830591,0.4933127,,5.9876485221099784e-06,0.49999700617573895,True,False
OGLE-GD-RRLYR-07035,RRc,0.3298420139737664,0.32984187,,4.3649330039308154e-07,0.4999997817533498,True,False
OGLE-GD-RRLYR-07044,RRab,0.6124440519246481,0.61244013,,6.4037682314666e-06,0.49999679811588427,True,False
OGLE-GD-RRLYR-07047,RRab,0.457713152447215,0.45771304,,2.456718624088694e-07,0.4999998771640688,True,False
OGLE-GD-RRLYR-07067,RRab,0.5531167661028961,0.553127,,1.8501893966460514e-05,0.5000092509469832,True,False
OGLE-GD-RRLYR-07109,RRab,0.433758269900472,0.43375935,,2.490089327178424e-06,0.5000012450446636,True,False
OGLE-GD-RRLYR-07112,RRab,0.7050316488145508,0.70503191,,3.704590465503088e-07,0.5000001852295233,True,False
OGLE-GD-RRLYR-07114,RRab,0.4379009467505791,0.43789642,,1.0337491635814544e-05,0.4999948312541821,True,False
OGLE-GD-RRLYR-07129,RRab,0.5909314657219078,0.59092428,,1.216013988769582e-05,0.49999391993005615,True,False
OGLE-GD-RRLYR-07160,RRab,0.5976891252747147,0.5976875,,2.719271717577243e-06,0.4999986403641412,True,False
OGLE-GD-RRLYR-07168,RRab,0.4052850080788444,0.40528295,,5.078128365365586e-06,0.4999974609358173,True,False
OGLE-GD-RRLYR-07200,RRab,0.5141358933955894,0.51413916,,6.353541345927027e-06,0.500003176770673,True,False
OGLE-GD-RRLYR-07222,RRab,0.587932888240532,0.58794533,,2.1161422386062334e-05,0.500010580711193,True,False
OGLE-GD-RRLYR-07224,RRab,0.5634283883565889,0.56342708,,2.322140052246624e-06,0.4999988389299739,True,False
OGLE-GD-RRLYR-07243,RRc,0.2922447749776281,0.29224483,,1.8827491987671863e-07,0.5000000941374599,True,False
OGLE-GD-RRLYR-07263,RRab,0.5753263404264829,0.57531622,,1.7591067539957095e-05,0.49999120446623,True,False
OGLE-GD-RRLYR-07270,RRab,0.4864571488419552,0.48645809,,1.9347155780780056e-06,0.500000967357789,True,False
OGLE-GD-RRLYR-07287,RRab,0.4806411258417433,0.48064348,,4.89793028446428e-06,0.5000024489651422,True,False
OGLE-GD-RRLYR-07289,RRab,0.5188301015548257,0.51883073,,1.2112720739754224e-06,0.500000605636037,True,False
OGLE-GD-RRLYR-07292,RRab,0.5720224537870647,0.57202089,,2.7337936290283693e-06,0.4999986331031855,True,False
OGLE-GD-RRLYR-07328,RRab,0.5376201502943042,0.53761868,,2.7348274136418382e-06,0.4999986325862932,True,False
OGLE-GD-RRLYR-07339,RRab,0.5883277627739104,0.58832545,,3.931113145672072e-06,0.49999803444342716,True,False
OGLE-GD-RRLYR-07356,RRab,0.5173971339216582,0.51740138,,8.206546224909239e-06,0.5000041032731124,True,False
OGLE-GD-RRLYR-07380,RRc,0.3461374114580201,0.34613734,,2.064441242399795e-07,0.4999998967779379,True,False
OGLE-GD-RRLYR-07397,RRab,0.4680561812387823,0.4680556,,1.2418156780658052e-06,0.49999937909216097,True,False
OGLE-GD-RRLYR-07443,RRc,0.3280454990518638,0.32804271,,8.50209981440031e-06,0.4999957489500928,True,False
OGLE-GD-RRLYR-07469,RRab,0.4583905788974251,0.45838921,,2.9863212205327727e-06,0.49999850683938973,True,False
OGLE-GD-RRLYR-07492,RRab,0.4777905422885986,0.47778914,,2.9349528509747813e-06,0.4999985325235745,True,False
OGLE-GD-RRLYR-07586,RRab,0.4389440411617828,0.43894905,,1.1410978602577337e-05,0.5000057054893012,True,False
OGLE-GD-RRLYR-07589,RRab,0.7363051173098331,0.73630874,,4.920069490044199e-06,0.500002460034745,True,False
OGLE-GD-RRLYR-07622,RRc,0.3230164019391364,0.32301623,,5.322925611395135e-07,0.49999973385371943,True,False
OGLE-GD-RRLYR-07623,RRab,0.4576014746947456,0.45760253,,2.306161319576283e-06,0.5000011530806598,True,False
OGLE-GD-RRLYR-07628,RRab,0.7331156672541742,0.73311439,,1.7422303961733832e-06,0.4999991288848019,True,False
OGLE-GD-RRLYR-07652,RRc,0.232351931320982,0.23235082,,4.782944092784902e-06,0.4999976085279536,True,False
OGLE-GD-RRLYR-07676,RRab,0.6103072912469522,0.61030921,,3.1439031501490078e-06,0.5000015719515751,True,False
OGLE-GD-RRLYR-07692,RRab,0.574769154531446,0.57477102,,3.245585614375379e-06,0.5000016227928072,True,False
OGLE-GD-RRLYR-07694,RRab,0.4826078819120641,0.48260689,,2.0553209758578106e-06,0.49999897233951207,True,False
OGLE-GD-RRLYR-07703,RRab,0.6877382506168541,0.68773099,,1.0557350126116916e-05,0.49999472132493694,True,False
OGLE-GD-RRLYR-07738,RRab,0.5299885997069113,0.52998822,,7.164440583018461e-07,0.49999964177797085,True,False
OGLE-GD-RRLYR-07745,RRab,0.4939267662412817,0.49392478,,4.0213436582892115e-06,0.49999798932817086,True,False
OGLE-GD-RRLYR-07779,RRab,0.4793913747904839,0.47939148,,2.1946471828737657e-07,0.5000001097323592,True,False
OGLE-GD-RRLYR-07866,RRab,0.5239101686159294,0.52391412,,7.542045384445473e-06,0.5000037710226922,True,False
OGLE-GD-RRLYR-07870,RRab,0.6105780269592527,0.61057924,,1.9867048661748044e-06,0.5000009933524331,True,False
OGLE-GD-RRLYR-07895,RRab,0.6349499875606268,0.63494087,,1.4359700339916515e-05,0.49999282014983004,True,False
OGLE-GD-RRLYR-07936,RRab,0.5129828778785332,0.51297954,,6.506845347642454e-06,0.4999967465773262,True,False
OGLE-GD-RRLYR-07938,RRab,0.5503309681275783,0.5503296,,2.4860148870597953e-06,0.49999875699255647,True,False
OGLE-GD-RRLYR-07955,RRab,0.579708712323944,0.5797073,,2.4362707593539312e-06,0.4999987818646203,True,False
OGLE-GD-RRLYR-07964,RRab,0.6704346464678637,0.67044304,,1.2519381417330777e-05,0.5000062596907087,True,False
OGLE-GD-RRLYR-08011,RRab,0.7981506815308046,0.79812521,,3.191420404391465e-05,0.49998404289797804,True,False
OGLE-GD-RRLYR-08031,RRab,0.5735863445174049,0.57358842,,3.618417880768554e-06,0.5000018092089404,True,False
OGLE-GD-RRLYR-08033,RRab,0.5737859170626688,0.57378539,,9.185710860837304e-07,0.49999954071445696,True,False
OGLE-GD-RRLYR-08093,RRab,0.3563618636446903,0.35636402,,6.050990528416733e-06,0.5000030254952642,True,False
OGLE-GD-RRLYR-08104,RRab,0.7098718363821696,0.70987415,,3.2591943662785283e-06,0.5000016295971832,True,False
OGLE-GD-RRLYR-08135,RRab,0.5374865716747338,0.53748849,,3.5690536669408246e-06,0.5000017845268334,True,False
OGLE-GD-RRLYR-08142,RRab,0.6421626169321114,0.64216082,,2.7982587156305527e-06,0.4999986008706422,True,False
OGLE-GD-RRLYR-08159,RRab,0.5638988698778039,0.56389548,,6.011535690797487e-06,0.4999969942321546,True,False
OGLE-GD-RRLYR-08179,RRab,0.4645209960821175,0.46451612,,1.0497121429420275e-05,0.4999947514392853,True,False
OGLE-GD-RRLYR-08191,RRab,0.6533333074762047,0.65333188,,2.184917418546206e-06,0.4999989075412907,True,False
OGLE-GD-RRLYR-08196,RRab,0.6177453996709282,0.61774678,,2.2344577366162355e-06,0.5000011172288683,True,False
OGLE-GD-RRLYR-08215,RRab,0.4317263811395875,0.43171752,,2.052531847085426e-05,0.4999897373407646,True,False
OGLE-GD-RRLYR-08293,RRab,0.5546623056286349,0.55466311,,1.450198058194907e-06,0.500000725099029,True,False
OGLE-GD-RRLYR-08302,RRab,0.4608725823696447,0.46086939,,6.92684242853403e-06,0.49999653657878573,True,False
OGLE-GD-RRLYR-08308,RRab,0.5963170846379369,0.59631458,,4.200195703463194e-06,0.49999789990214827,True,False
OGLE-GD-RRLYR-08328,RRc,0.3525367361235795,0.35253653,,5.846871513615071e-07,0.4999997076564243,True,False
OGLE-GD-RRLYR-08364,RRab,0.5671006551340719,0.56710402,,5.933419283676855e-06,0.5000029667096418,True,False
OGLE-GD-RRLYR-08366,RRab,0.520131789595217,0.52013174,,9.535126044291076e-08,0.4999999523243698,True,False
OGLE-GD-RRLYR-08392,RRc,0.2899022982189767,0.28990238,,2.820984889018163e-07,0.5000001410492445,True,False
OGLE-GD-RRLYR-08457,RRab,0.600828803814074,0.60081022,,3.093125492115156e-05,0.4999845343725394,True,False
OGLE-GD-RRLYR-08462,RRab,0.6032742068230407,0.60327274,,2.4314426021465607e-06,0.4999987842786989,True,False
OGLE-GD-RRLYR-08478,RRab,0.5413087779182051,0.54130947,,1.2785325830266814e-06,0.5000006392662915,True,False
OGLE-GD-RRLYR-08495,RRab,0.482636815930924,0.48264001,,6.617911921580344e-06,0.5000033089559608,True,False
OGLE-GD-RRLYR-08511,RRc,0.340980861647919,0.34098184,,2.869220486867441e-06,0.5000014346102435,True,False
OGLE-GD-RRLYR-08612,RRab,0.68740090593564,0.68739655,,6.3368599099167255e-06,0.49999683157004504,True,False
OGLE-GD-RRLYR-08642,RRd,0.3226326068984346,0.32263326,0.43616029,2.024284679769117e-06,0.47942219544303133,True,False
OGLE-GD-RRLYR-08669,RRc,0.3804539917858012,0.38045056,,9.020320015373784e-06,0.4999954898399923,True,False
OGLE-GD-RRLYR-08736,RRab,0.452286478121026,0.45228523,,2.759588293432813e-06,0.4999986202058533,True,False
OGLE-GD-RRLYR-08741,RRab,0.4645694106609556,0.46457089,,3.1843128277531108e-06,0.5000015921564138,True,False
OGLE-GD-RRLYR-08757,RRab,0.4928000179443062,0.49280186,,3.7379235819923196e-06,0.500001868961791,True,False
OGLE-GD-RRLYR-08772,RRab,0.5771628970395546,0.57715936,,6.1283586469951246e-06,0.4999969358206765,True,False
OGLE-GD-RRLYR-08795,RRab,0.4625198938555766,0.46252042,,1.137559339281502e-06,0.5000005687796696,True,False
OGLE-GD-RRLYR-08799,RRc,0.3949357332099995,0.39493573,,8.1279034613857e-09,0.49999999593604827,True,False
OGLE-GD-RRLYR-08805,RRab,0.581597205875612,0.58159498,,3.827191926708551e-06,0.49999808640403665,True,False
OGLE-GD-RRLYR-08811,RRab,0.40248416542132,0.40248235,,4.510561320225648e-06,0.4999977447193399,True,False
OGLE-GD-RRLYR-08812,RRab,0.3703823195087271,0.37038142,,2.4286011082175207e-06,0.4999987856994459,True,False
OGLE-GD-RRLYR-08848,RRc,0.3157740740912522,0.31577413,,1.7705297072900805e-07,0.5000000885264854,True,False
OGLE-GD-RRLYR-08853,RRab,0.5222621666471149,0.52226314,,1.8637211982586166e-06,0.5000009318605991,True,False
OGLE-GD-RRLYR-08901,RRab,0.5263152664788147,0.52631544,,3.2969047103481586e-07,0.5000001648452355,True,False
OGLE-GD-RRLYR-08952,RRab,0.5360125073423793,0.53601181,,1.3009832362520513e-06,0.4999993495083819,True,False
OGLE-GD-RRLYR-08973,RRab,0.5205649551037168,0.52056469,,5.092618109436842e-07,0.49999974536909453,True,False
OGLE-GD-RRLYR-09033,RRd,0.42649919236173,0.42650109,0.57170502,4.449316342913789e-06,0.49202535378027634,True,False
OGLE-GD-RRLYR-09038,RRab,0.4932370344063416,0.49323843,,2.829450370334108e-06,0.5000014147251852,True,False
OGLE-GD-RRLYR-09040,RRab,0.5115436589823692,0.51154378,,2.3657336001292606e-07,0.50000011828668,True,False
OGLE-GD-RRLYR-09053,RRab,0.67421901693324,0.40226674,,0.6760496205409376,0.16197518972953118,False,False
OGLE-GD-RRLYR-09063,RRc,0.3305137281456122,0.33051366,,2.0618092522184384e-07,0.4999998969095374,True,False
OGLE-GD-RRLYR-09119,RRab,0.5359151626459127,0.5359148,,6.766857578721641e-07,0.49999966165712106,True,False
OGLE-GD-RRLYR-09155,RRab,0.6067348724515236,0.6067381,,5.319508493695224e-06,0.5000026597542468,True,False
OGLE-GD-RRLYR-09163,RRab,0.7486417591082898,0.74864496,,4.275580390289413e-06,0.5000021377901951,True,False
OGLE-GD-RRLYR-09165,RRab,0.6735381148747976,0.67353661,,2.2342880481307503e-06,0.49999888285597593,True,False
OGLE-GD-RRLYR-09171,RRab,0.5626549425068977,0.5626551,,2.799105566220206e-07,0.5000001399552783,True,False
OGLE-GD-RRLYR-09173,RRab,0.5120423113646219,0.51204182,,9.596181458348951e-07,0.4999995201909271,True,False
OGLE-GD-RRLYR-09215,RRab,0.5107141875072245,0.51071451,,6.314541082241831e-07,0.5000003157270541,True,False
OGLE-GD-RRLYR-09233,RRab,0.3396148333974459,0.3396151,,7.850138409315477e-07,0.5000003925069205,True,False
OGLE-GD-RRLYR-09248,RRab,0.4156934643458783,0.41569167,,4.31653075527727e-06,0.49999784173462236,True,False
OGLE-GD-RRLYR-09260,RRc,0.3689182329264973,0.36891645,,4.8328733979197125e-06,0.49999758356330104,True,False
OGLE-GD-RRLYR-09263,RRab,0.553750746148294,0.55375182,,1.939229212877258e-06,0.5000009696146064,True,False
OGLE-GD-RRLYR-09266,RRc,0.3265172424189748,0.32651733,,2.6822780041513283e-07,0.5000001341139002,True,False
OGLE-GD-RRLYR-09285,RRab,0.5751048768688982,0.57510376,,1.9420302490580355e-06,0.49999902898487547,True,False
OGLE-GD-RRLYR-09356,RRc,0.2245734681680161,0.22457382,,1.566665179031368e-06,0.5000007833325895,True,False
OGLE-GD-RRLYR-09362,RRab,0.5002829307598083,0.50028332,,7.780395149259434e-07,0.5000003890197575,True,False
OGLE-GD-RRLYR-09388,RRc,0.2361641672378089,0.23616412,,2.000211076769176e-07,0.49999989998944616,True,False
OGLE-GD-RRLYR-09400,RRc,0.2662522996787432,0.36322803,,0.26698305833186053,0.46603388333627893,False,False
OGLE-GD-RRLYR-09413,RRc,0.330354687942783,0.33035478,,2.7866167706669387e-07,0.5000001393308385,True,False
OGLE-GD-RRLYR-09443,RRab,0.5234496885681706,0.52345207,,4.549474471260417e-06,0.5000022747372357,True,False
OGLE-GD-RRLYR-09486,RRc,0.3107930230931411,0.31079264,,1.2326326037648272e-06,0.4999993836836981,True,False
OGLE-GD-RRLYR-09499,RRab,0.6007903392036981,0.60078747,,4.775738245754724e-06,0.4999976121308771,True,False
OGLE-GD-RRLYR-09501,RRab,0.6074766925209796,0.60749469,,2.962573881992725e-05,0.50001481286941,True,False
OGLE-GD-RRLYR-09517,RRc,0.272738443749951,0.27273771,,2.6903135286193702e-06,0.4999986548432357,True,False
OGLE-GD-RRLYR-09526,RRc,0.3163863385608841,0.31638637,,9.936937506171972e-08,0.5000000496846875,True,False
OGLE-GD-RRLYR-09534,RRab,0.5284573642053353,0.52845658,,1.4839541506717069e-06,0.49999925802292466,True,False
OGLE-GD-RRLYR-09555,RRab,0.4830324824301731,0.48303209,,8.12430853258661e-07,0.49999959378457337,True,False
OGLE-GD-RRLYR-09564,RRab,0.4632040673709617,0.46320309,,2.110026860346892e-06,0.4999989449865698,True,False
OGLE-GD-RRLYR-09574,RRab,0.5239574185377729,0.52395695,,8.942295219860341e-07,0.499999552885239,True,False
OGLE-GD-RRLYR-09593,RRab,0.6008702064109571,0.60087046,,4.2203612882207864e-07,0.5000002110180644,True,False
OGLE-GD-RRLYR-09671,RRd,0.2886082172888321,0.28860689,0.39211585,4.59895060767046e-06,0.4720558594549653,True,False
OGLE-GD-RRLYR-09676,RRab,0.7945604750593702,0.79455605,,5.569222423451592e-06,0.4999972153887883,True,False
OGLE-GD-RRLYR-09699,RRc,0.3966678056201163,0.39667104,,8.153808969013632e-06,0.5000040769044845,True,False
OGLE-GD-RRLYR-09742,RRab,0.4596806585105906,0.45968107,,8.95162834191332e-07,0.500000447581417,True,False
OGLE-GD-RRLYR-09767,RRab,0.4920057116194293,0.49200663,,1.86660202261546e-06,0.5000009333010114,True,False
OGLE-GD-RRLYR-09780,RRc,0.2614715025623905,0.26147137,,5.069862543116699e-07,0.49999974650687284,True,False
OGLE-GD-RRLYR-09795,RRab,0.4336213391876458,0.43362088,,1.0589611039169e-06,0.49999947051944804,True,False
OGLE-GD-RRLYR-09823,RRab,0.4639915937210815,0.46399199,,8.540641369680912e-07,0.5000004270320685,True,False
OGLE-GD-RRLYR-09863,RRab,0.649240770593445,0.64923861,,3.327888101090082e-06,0.49999833605594945,True,False
OGLE-GD-RRLYR-09864,RRc,0.2795134486622346,0.27951357,,4.3410330807791553e-07,0.500000217051654,True,False
OGLE-GD-RRLYR-09878,RRab,0.607429621840938,0.60742933,,4.804524964541201e-07,0.4999997597737518,True,False
OGLE-GD-RRLYR-09880,RRab,0.5652498553332187,0.56525338,,6.235551888833513e-06,0.5000031177759444,True,False
OGLE-GD-RRLYR-09895,RRab,0.485377972706387,0.48537933,,2.796356435297298e-06,0.5000013981782176,True,False
OGLE-GD-RRLYR-09906,RRab,0.5994245758506607,0.59942225,,3.8801540327426665e-06,0.49999805992298363,True,False
OGLE-GD-RRLYR-09911,RRab,0.6532555868152109,0.65325472,,1.3269176393215787e-06,0.49999933654118034,True,False
OGLE-GD-RRLYR-09927,RRab,0.5862270673473059,0.5862266,,7.972127260558182e-07,0.49999960139363697,True,False
OGLE-GD-RRLYR-09998,RRab,0.4238769593575029,0.42387482,,5.047144586045604e-06,0.499997476427707,True,False
OGLE-GD-RRLYR-10004,RRab,0.4946961010514608,0.49469448,,3.276873962176907e-06,0.4999983615630189,True,False
OGLE-GD-RRLYR-10016,RRab,0.5118727274670012,0.5118735,,1.5092263982996457e-06,0.5000007546131991,True,False
OGLE-GD-RRLYR-10024,RRab,0.5721617027104678,0.57216209,,6.76887789152758e-07,0.5000003384438946,True,False
OGLE-GD-RRLYR-10050,RRab,0.6198854435506558,0.61989169,,1.0076678627846114e-05,0.500005038339314,True,False
OGLE-GD-RRLYR-10061,RRab,0.6247262282018929,0.6247285,,3.636456648137276e-06,0.5000018182283241,True,False
OGLE-GD-RRLYR-10082,RRab,0.6208257217632794,0.6208268,,1.7367754107100453e-06,0.5000008683877053,True,False
OGLE-GD-RRLYR-10095,RRab,0.6182101050657227,0.61821497,,7.869324609388606e-06,0.5000039346623046,True,False
OGLE-GD-RRLYR-10100,RRab,0.5884250268772652,0.58842489,,2.3261637549509828e-07,0.49999988369181225,True,False
OGLE-GD-RRLYR-10160,RRab,0.5653925248414841,0.56539215,,6.629761026832881e-07,0.49999966851194866,True,False
OGLE-GD-RRLYR-10201,RRc,0.3536762774032486,0.35367677,,1.3927879723985015e-06,0.5000006963939863,True,False
OGLE-GD-RRLYR-10205,RRab,1.023375183433593,0.5050799,,1.0261649363468885,0.013082468173444273,False,False
OGLE-GD-RRLYR-10246,RRab,0.5584288683000045,0.55840503,,4.2689980791488225e-05,0.49997865500960426,True,False
OGLE-GD-RRLYR-10275,RRab,0.3725946825014283,0.3725941,,1.563367289847406e-06,0.4999992183163551,True,False
OGLE-GD-RRLYR-10279,RRc,0.216645054215278,0.21664518,,5.806024486743055e-07,0.5000002903012244,True,False
OGLE-GD-RRLYR-10305,RRab,0.3759635210601608,0.37595646,,1.8781590189531627e-05,0.49999060920490523,True,False
OGLE-GD-RRLYR-10317,RRc,0.3412178451375599,0.34121843,,1.7140411791016774e-06,0.5000008570205896,True,False
OGLE-GD-RRLYR-10321,RRab,0.6531840818341298,0.65318442,,5.1771882458862e-07,0.5000002588594123,True,False
OGLE-GD-RRLYR-10345,RRc,0.2839217516376722,0.2839229,,4.0446273540384325e-06,0.500002022313677,True,False
OGLE-GD-RRLYR-10356,RRc,0.2542811125058978,0.25428324,,8.366631250367185e-06,0.5000041833156252,True,False
OGLE-GD-RRLYR-10375,RRab,0.4442195895164344,0.4442071,,2.8116426852298204e-05,0.49998594178657385,True,False
OGLE-GD-RRLYR-10394,RRc,0.4400363254438209,0.4400394,,6.987002025615752e-06,0.5000034935010128,True,False
OGLE-GD-RRLYR-10475,RRab,0.4928291074221106,0.49282875,,7.252460629825208e-07,0.4999996373769685,True,False
OGLE-GD-RRLYR-10489,RRab,0.6206296499588008,0.6206246,,8.136897571953128e-06,0.499995931551214,True,False
OGLE-GD-RRLYR-10521,RRc,0.2866210820144723,0.28662451,,1.1959847843190374e-05,0.5000059799239216,True,False
OGLE-GD-RRLYR-10539,RRab,0.6849301139385453,0.68493559,,7.995002062499701e-06,0.5000039975010313,True,False
OGLE-GD-RRLYR-10561,RRab,0.4781559360886435,0.47815584,,2.009567496852327e-07,0.49999989952162516,True,False
OGLE-GD-RRLYR-10586,RRab,0.5283974029396666,0.52839579,,3.0525217973309537e-06,0.49999847373910133,True,False
OGLE-GD-RRLYR-10600,RRab,0.6665241157057056,0.66652134,,4.164466370415454e-06,0.4999979177668148,True,False
OGLE-GD-RRLYR-10645,RRab,0.5511639208850337,0.5511611,,5.118077153420941e-06,0.4999974409614233,True,False
OGLE-GD-RRLYR-10662,RRab,0.5637837250891825,0.56378189,,3.2549629831457594e-06,0.4999983725185084,True,False
OGLE-GD-RRLYR-10668,RRab,0.5181722399402116,0.51817065,,3.0683718030832807e-06,0.49999846581409846,True,False
OGLE-GD-RRLYR-10701,RRab,0.6629519320770504,0.6629544,,3.7226134250722964e-06,0.5000018613067125,True,False
OGLE-GD-RRLYR-10726,RRab,0.5176255825187707,0.51763523,,1.863760553799665e-05,0.500009318802769,True,False
OGLE-GD-RRLYR-10765,RRab,0.5157509803015282,0.51574482,,1.19444758130971e-05,0.49999402776209345,True,False
OGLE-GD-RRLYR-10772,RRab,0.5928674804676105,0.59286958,,3.5413056435062984e-06,0.5000017706528217,True,False
OGLE-GD-RRLYR-10846,RRc,0.4234037756761371,0.42340914,,1.2669362458583855e-05,0.5000063346812293,True,False
OGLE-GD-RRLYR-10872,RRc,0.3076331848137074,0.30763397,,2.5523393680781936e-06,0.500001276169684,True,False
OGLE-GD-RRLYR-10888,RRab,0.541271370489886,0.54127287,,2.770340427282747e-06,0.5000013851702136,True,False
OGLE-GD-RRLYR-10932,RRab,0.5694634365451836,0.56945177,,2.048732798498598e-05,0.4999897563360075,True,False
OGLE-GD-RRLYR-10943,RRab,0.5657058823552035,0.56570228,,6.367934743733983e-06,0.49999681603262813,True,False
OGLE-GD-RRLYR-10954,RRc,0.2739425382870138,0.27394335,,2.9630687737869366e-06,0.500001481534387,True,False
OGLE-GD-RRLYR-10962,RRab,0.6317210568144817,0.63171931,,2.7651750611479287e-06,0.4999986174124694,True,False
OGLE-GD-RRLYR-10966,RRc,0.3585364912734123,0.35853808,,4.431123711290397e-06,0.5000022155618556,True,False
OGLE-GD-RRLYR-10975,RRc,0.3071236441582407,0.30712423,,1.907507457987734e-06,0.500000953753729,True,False
OGLE-GD-RRLYR-10986,RRab,0.4189640936816864,0.41896481,,1.7097338403937457e-06,0.5000008548669201,True,False
OGLE-GD-RRLYR-10991,RRab,0.439312620586733,0.43931067,,4.440107800984805e-06,0.4999977799460995,True,False
OGLE-GD-RRLYR-11012,RRc,0.2718084769367856,0.27180866,,6.735003011959506e-07,0.5000003367501507,True,False
OGLE-GD-RRLYR-11015,RRab,0.5457562205680727,0.54576108,,8.90395468888805e-06,0.5000044519773444,True,False
OGLE-GD-RRLYR-11053,RRab,0.5321240080319304,0.53212231,,3.191055699902634e-06,0.49999840447215005,True,False
OGLE-GD-RRLYR-11112,RRab,0.5423363693146408,0.54233963,,6.012257225518347e-06,0.5000030061286127,True,False
OGLE-GD-RRLYR-11140,RRab,0.4325634812574163,0.43256361,,2.976269402044096e-07,0.5000001488134701,True,False
OGLE-GD-RRLYR-11181,RRab,0.6307382678958477,0.63073713,,1.8040730340729283e-06,0.49999909796348296,True,False
OGLE-GD-RRLYR-11198,RRab,0.6441306995136284,0.64411608,,2.269701701673732e-05,0.49998865149149163,True,False
OGLE-GD-RRLYR-11201,RRab,0.6393535711585696,0.63934476,,1.378154498321571e-05,0.4999931092275084,True,False
OGLE-GD-RRLYR-11207,RRab,0.4735119580971373,0.4735126,,1.3556193915187364e-06,0.5000006778096957,True,False
OGLE-GD-RRLYR-11219,RRab,0.5821906788462626,0.58220095,,1.764193915765322e-05,0.5000088209695788,True,False
OGLE-GD-RRLYR-11256,RRab,0.4943530142912407,0.49437801,,5.0559912159742204e-05,0.5000252799560798,True,False
OGLE-GD-RRLYR-11317,RRc,0.2854544543690619,0.28545344,,3.553535952827147e-06,0.4999982232320236,True,False
OGLE-GD-RRLYR-11357,RRab,0.5320555820859137,0.53205582,,4.471600107969209e-07,0.5000002235800054,True,False
OGLE-GD-RRLYR-11396,RRab,0.7313620678721949,0.73136334,,1.739392358812708e-06,0.5000008696961794,True,False
OGLE-GD-RRLYR-11409,RRab,0.4585061759971732,0.45851386,,1.675849630111692e-05,0.5000083792481506,True,False
OGLE-GD-RRLYR-11456,RRab,0.5936484704937656,0.59365259,,6.939254210025503e-06,0.500003469627105,True,False
OGLE-GD-RRLYR-11465,RRab,0.6749350682523113,0.67493356,,2.2346678261175867e-06,0.49999888266608694,True,False
OGLE-GD-RRLYR-11494,RRab,0.5876297066080538,0.58763333,,6.166076294777945e-06,0.5000030830381474,True,False
OGLE-GD-RRLYR-11500,RRab,0.3003873581735783,0.42989129,,0.3012480942017264,0.39750381159654724,False,False
OGLE-GD-RRLYR-11504,RRab,0.6350370224604753,0.63503511,,3.011582265566304e-06,0.4999984942088672,True,False
OGLE-GD-RRLYR-11525,RRab,0.5254654433404551,0.5254862,,3.94999136893448e-05,0.5000197499568446,True,False
OGLE-GD-RRLYR-11552,RRab,0.5177763761560596,0.51777654,,3.164375510511519e-07,0.5000001582187755,True,False
OGLE-GD-RRLYR-11557,RRab,0.5232654272836261,0.52327246,,1.3439874848253375e-05,0.5000067199374241,True,False
OGLE-GD-RRLYR-11578,RRab,0.6207290008362087,0.62073087,,3.0112306018681423e-06,0.5000015056153009,True,False
OGLE-GD-RRLYR-11630,RRab,0.539424859959512,0.53943791,,2.4191923196581477e-05,0.5000120959615983,True,False
OGLE-GD-RRLYR-11646,RRab,0.6722363244341262,0.67223487,,2.1635803066910597e-06,0.49999891820984665,True,False
