replicate,model,ari_stability_all,ari_stability_common_assigned,common_assigned_fraction,coverage,n_clusters
0,K-medoids,1.0,1.0,1.0,1.0,3
0,K-means,1.0,1.0,1.0,1.0,3
0,Average linkage,0.6201364864567608,0.6201364864567608,1.0,1.0,3
0,DBSCAN,0.9299096771152571,0.9982192241302864,0.7875,0.7925,7
0,HDBSCAN,0.936806860679914,1.0,0.7975,0.8025,8
1,K-medoids,0.7572715369577289,0.7572715369577289,1.0,1.0,3
1,K-means,0.9638399173284169,0.9638399173284169,1.0,1.0,3
1,Average linkage,0.987971686129156,0.987971686129156,1.0,1.0,3
1,DBSCAN,0.945107979403088,0.9888173096160545,0.7825,0.8,7
1,HDBSCAN,0.9128707523484869,0.9950771339472901,0.7575,0.775,8
2,K-medoids,0.9757091984142677,0.9757091984142677,1.0,1.0,3
2,K-means,1.0,1.0,1.0,1.0,3
2,Average linkage,0.9673102400192908,0.9673102400192908,1.0,1.0,3
2,DBSCAN,0.9572327335862247,0.9904828830652287,0.81,0.82,9
2,HDBSCAN,0.9372292236225919,0.995063709500524,0.7825,0.785,9
3,K-medoids,1.0,1.0,1.0,1.0,3
3,K-means,0.9918451143545863,0.9918451143545863,1.0,1.0,3
3,Average linkage,0.8806708998686841,0.8806708998686841,1.0,1.0,3
3,DBSCAN,0.9508933677034256,0.9911041556231307,0.795,0.815,8
3,HDBSCAN,0.9162692271203848,0.9973024200222798,0.7775,0.7925,7
4,K-medoids,0.8515850280044664,0.8515850280044664,1.0,1.0,3
4,K-means,1.0,1.0,1.0,1.0,3
4,Average linkage,0.6241841629169081,0.6241841629169081,1.0,1.0,3
4,DBSCAN,0.9183914483972291,0.9886571626578345,0.7775,0.795,7
4,HDBSCAN,0.9065070982015797,0.9946240753673318,0.775,0.7975,7
5,K-medoids,0.7275602592545174,0.7275602592545174,1.0,1.0,3
5,K-means,1.0,1.0,1.0,1.0,3
5,Average linkage,0.6130962727893791,0.6130962727893791,1.0,1.0,3
5,DBSCAN,0.9161461310479685,0.9900506631716853,0.7875,0.8025,8
5,HDBSCAN,0.9097782314775335,0.9891965689270927,0.795,0.815,6
6,K-medoids,1.0,1.0,1.0,1.0,3
6,K-means,1.0,1.0,1.0,1.0,3
6,Average linkage,0.6233795054769818,0.6233795054769818,1.0,1.0,3
6,DBSCAN,0.9512883492976297,0.9902051573145483,0.8025,0.8175,8
6,HDBSCAN,0.9455051053397512,0.9925621283784273,0.8025,0.805,10
7,K-medoids,0.6690306968617467,0.6690306968617467,1.0,1.0,3
7,K-means,1.0,1.0,1.0,1.0,3
7,Average linkage,0.5727623352060972,0.5727623352060972,1.0,1.0,3
7,DBSCAN,0.9326609489534324,0.9897889498624016,0.7775,0.8075,8
7,HDBSCAN,0.9058974360552834,0.989422080016546,0.7725,0.805,6
8,K-medoids,0.7204088292047832,0.7204088292047832,1.0,1.0,3
8,K-means,1.0,1.0,1.0,1.0,3
8,Average linkage,0.6561031104113073,0.6561031104113073,1.0,1.0,3
8,DBSCAN,0.9372467698472744,0.9985254323064168,0.7825,0.8,7
8,HDBSCAN,0.9470230151305117,0.9968205178544867,0.78,0.79,6
9,K-medoids,1.0,1.0,1.0,1.0,3
9,K-means,1.0,1.0,1.0,1.0,3
9,Average linkage,0.6244750729839176,0.6244750729839176,1.0,1.0,3
9,DBSCAN,0.912624568928028,0.9889719267845454,0.7875,0.8325,8
9,HDBSCAN,0.9381011704009077,0.9992833760356484,0.7775,0.7875,8
10,K-medoids,0.7416777338525157,0.7416777338525157,1.0,1.0,3
10,K-means,1.0,1.0,1.0,1.0,3
10,Average linkage,0.6426489756607702,0.6426489756607702,1.0,1.0,3
10,DBSCAN,0.9548116124809318,0.9894883066952964,0.8025,0.815,8
10,HDBSCAN,0.9227135493541824,0.9855846912716001,0.7925,0.8125,6
11,K-medoids,0.7564403128105188,0.7564403128105188,1.0,1.0,3
11,K-means,0.8191771442826222,0.8191771442826222,1.0,1.0,3
11,Average linkage,0.9081715700755859,0.9081715700755859,1.0,1.0,3
11,DBSCAN,0.9237779456140092,0.9892234844159989,0.78,0.805,8
11,HDBSCAN,0.8697833257591291,0.9641007580487717,0.78,0.82,9
12,K-medoids,0.9649632758040422,0.9649632758040422,1.0,1.0,3
12,K-means,0.9918600805929898,0.9918600805929898,1.0,1.0,3
12,Average linkage,0.6204846661246258,0.6204846661246258,1.0,1.0,3
12,DBSCAN,0.9403677408463494,0.9912553727769278,0.8075,0.8275,8
12,HDBSCAN,0.965098336635813,0.9950912276040446,0.8025,0.8125,9
13,K-medoids,1.0,1.0,1.0,1.0,3
13,K-means,1.0,1.0,1.0,1.0,3
13,Average linkage,0.6471823807605642,0.6471823807605642,1.0,1.0,3
13,DBSCAN,0.9310622893783108,1.0,0.765,0.785,6
13,HDBSCAN,0.8601387864781801,0.9516267765439159,0.7875,0.8375,8
14,K-medoids,1.0,1.0,1.0,1.0,3
14,K-means,1.0,1.0,1.0,1.0,3
14,Average linkage,0.7217547572821371,0.7217547572821371,1.0,1.0,3
14,DBSCAN,0.9299042929844138,0.998721678133454,0.7925,0.81,8
14,HDBSCAN,0.9113226703502635,0.9940028643964159,0.79,0.8,9
15,K-medoids,0.9692215053852241,0.9692215053852241,1.0,1.0,3
15,K-means,1.0,1.0,1.0,1.0,3
15,Average linkage,0.8473695523737605,0.8473695523737605,1.0,1.0,3
15,DBSCAN,0.9485099892897444,1.0,0.8,0.81,8
15,HDBSCAN,0.9255238210271206,0.9878314779432391,0.7925,0.805,8
16,K-medoids,0.7819576326148051,0.7819576326148051,1.0,1.0,3
16,K-means,1.0,1.0,1.0,1.0,3
16,Average linkage,0.6647945636830579,0.6647945636830579,1.0,1.0,3
16,DBSCAN,0.9338771991372444,0.999247199603219,0.775,0.8025,7
16,HDBSCAN,0.9445407911232373,0.9934844570788793,0.775,0.7775,8
17,K-medoids,0.7482145395017809,0.7482145395017809,1.0,1.0,3
17,K-means,0.9836120456332829,0.9836120456332829,1.0,1.0,3
17,Average linkage,0.6552459290401611,0.6552459290401611,1.0,1.0,3
17,DBSCAN,0.9658641167560681,0.9982294990575252,0.79,0.7925,7
17,HDBSCAN,0.9396708559546997,0.9957357981601352,0.7975,0.8025,7
18,K-medoids,0.7591540530090825,0.7591540530090825,1.0,1.0,3
18,K-means,0.9965120118247636,0.9965120118247636,1.0,1.0,3
18,Average linkage,0.6659044208014194,0.6659044208014194,1.0,1.0,3
18,DBSCAN,0.9501727160571607,0.9894942108127001,0.8075,0.82,8
18,HDBSCAN,0.9411791879077251,0.9947137084062451,0.7875,0.795,8
19,K-medoids,0.7550477210017135,0.7550477210017135,1.0,1.0,3
19,K-means,1.0,1.0,1.0,1.0,3
19,Average linkage,0.7020456071013305,0.7020456071013305,1.0,1.0,3
19,DBSCAN,0.9404624059461084,0.9895827838341168,0.795,0.82,8
19,HDBSCAN,0.9332810922101489,1.0,0.7775,0.7925,8
20,K-medoids,0.9601909548217777,0.9601909548217777,1.0,1.0,3
20,K-means,1.0,1.0,1.0,1.0,3
20,Average linkage,0.6204036704829332,0.6204036704829332,1.0,1.0,3
20,DBSCAN,0.9031417366164453,0.9985346587842372,0.785,0.8225,8
20,HDBSCAN,0.8717332343889254,0.9899966785474308,0.785,0.8375,8
21,K-medoids,1.0,1.0,1.0,1.0,3
21,K-means,1.0,1.0,1.0,1.0,3
21,Average linkage,0.6256958321215644,0.6256958321215644,1.0,1.0,3
21,DBSCAN,0.953495638320406,0.9991804116862195,0.7825,0.81,8
21,HDBSCAN,0.9221554134409987,0.9822683822389432,0.785,0.8,10
22,K-medoids,0.9764574223092153,0.9764574223092153,1.0,1.0,3
22,K-means,1.0,1.0,1.0,1.0,3
22,Average linkage,0.6308984518614644,0.6308984518614644,1.0,1.0,3
22,DBSCAN,0.9490357418462255,0.9891663151779846,0.795,0.8075,8
22,HDBSCAN,0.9421074318699696,0.9950363342258096,0.78,0.785,9
23,K-medoids,0.7047324426462586,0.7047324426462586,1.0,1.0,3
23,K-means,1.0,1.0,1.0,1.0,3
23,Average linkage,0.6603172903855589,0.6603172903855589,1.0,1.0,3
23,DBSCAN,0.9398501954838585,0.9985410319524939,0.7975,0.8025,9
23,HDBSCAN,0.9026207381020086,0.9912108219337061,0.7875,0.795,7
24,K-medoids,1.0,1.0,1.0,1.0,3
24,K-means,1.0,1.0,1.0,1.0,3
24,Average linkage,0.611049122905885,0.611049122905885,1.0,1.0,3
24,DBSCAN,0.9271533091327593,0.9980160373584958,0.78,0.8025,7
24,HDBSCAN,0.9221991529037908,0.9969768344942915,0.7675,0.7725,7
25,K-medoids,0.716116995072114,0.716116995072114,1.0,1.0,3
25,K-means,1.0,1.0,1.0,1.0,3
25,Average linkage,0.6604653213066791,0.6604653213066791,1.0,1.0,3
25,DBSCAN,0.9585648312336522,1.0,0.7925,0.8075,8
25,HDBSCAN,0.9469684575025079,0.9980145181796369,0.795,0.8125,8
26,K-medoids,1.0,1.0,1.0,1.0,3
26,K-means,0.9479804072647066,0.9479804072647066,1.0,1.0,3
26,Average linkage,0.6062647814310564,0.6062647814310564,1.0,1.0,3
26,DBSCAN,0.9265826778308128,1.0,0.7675,0.785,6
26,HDBSCAN,0.9189824134473425,0.9950610096204355,0.78,0.8175,6
27,K-medoids,0.966322982454512,0.966322982454512,1.0,1.0,3
27,K-means,1.0,1.0,1.0,1.0,3
27,Average linkage,0.6180243493937363,0.6180243493937363,1.0,1.0,3
27,DBSCAN,0.9767415494285958,0.999081804774781,0.81,0.81,8
27,HDBSCAN,0.950931210794605,0.9943911998248014,0.8025,0.805,9
28,K-medoids,0.765589488142816,0.765589488142816,1.0,1.0,3
28,K-means,1.0,1.0,1.0,1.0,3
28,Average linkage,0.6713057524500842,0.6713057524500842,1.0,1.0,3
28,DBSCAN,0.9507712042422289,0.9896099424787916,0.79,0.8025,7
28,HDBSCAN,0.9366097514506574,0.992448018463412,0.7925,0.82,9
29,K-medoids,0.6978789808462685,0.6978789808462685,1.0,1.0,3
29,K-means,1.0,1.0,1.0,1.0,3
29,Average linkage,0.6240999003741036,0.6240999003741036,1.0,1.0,3
29,DBSCAN,0.9442599967122233,0.9892300820504352,0.7725,0.79,8
29,HDBSCAN,0.9219132735271149,0.9929825206183557,0.7675,0.7775,6
