object_id,fourier_rank,fourier_condition,undefined_features
OGLE-GD-RRLYR-00001,9,2.0922883578528624,0
OGLE-GD-RRLYR-00022,9,1.7017751262959002,0
OGLE-GD-RRLYR-00030,9,1.7420012372030726,0
OGLE-GD-RRLYR-00034,9,1.7599660213085502,0
OGLE-GD-RRLYR-00050,9,1.7496634443301555,0
OGLE-GD-RRLYR-00051,9,1.8354706013121194,0
OGLE-GD-RRLYR-00058,9,1.813873783459225,0
OGLE-GD-RRLYR-00104,9,1.5923719677811652,0
OGLE-GD-RRLYR-00115,9,1.6971906128250107,0
OGLE-GD-RRLYR-00180,9,1.686352900114394,0
OGLE-GD-RRLYR-00212,9,1.5753938713167999,0
OGLE-GD-RRLYR-00217,9,2.1058282759523665,0
OGLE-GD-RRLYR-00224,9,1.6834857160206453,0
OGLE-GD-RRLYR-00229,9,1.7155634469202494,0
OGLE-GD-RRLYR-00241,9,1.6898363524813647,0
OGLE-GD-RRLYR-00246,9,1.7160060436001738,0
OGLE-GD-RRLYR-00258,9,1.5666570726928115,0
OGLE-GD-RRLYR-00263,9,1.66442697341491,0
OGLE-GD-RRLYR-00267,9,1.7135007569394107,0
OGLE-GD-RRLYR-00303,9,2.0104218237409146,0
OGLE-GD-RRLYR-00311,9,1.8587446797554472,0
OGLE-GD-RRLYR-00321,9,1.7839178493516334,0
OGLE-GD-RRLYR-00343,9,1.96368149787549,0
OGLE-GD-RRLYR-00347,9,1.6322323134748773,0
OGLE-GD-RRLYR-00358,9,1.79755043383787,0
OGLE-GD-RRLYR-00363,9,1.7427503502162807,0
OGLE-GD-RRLYR-00402,9,1.8308546722050627,0
OGLE-GD-RRLYR-00414,9,1.7890284379575454,0
OGLE-GD-RRLYR-00420,9,1.719852343508415,0
OGLE-GD-RRLYR-00444,9,1.5671110573370084,0
OGLE-GD-RRLYR-00477,9,1.8169734013518855,0
OGLE-GD-RRLYR-00482,9,1.7101504163613215,0
OGLE-GD-RRLYR-00505,9,1.7789301918952152,0
OGLE-GD-RRLYR-00542,9,1.7250433219356902,0
OGLE-GD-RRLYR-00552,9,1.7053932116438637,0
OGLE-GD-RRLYR-00558,9,1.5998607565158276,0
OGLE-GD-RRLYR-00577,9,1.6392495548328452,0
OGLE-GD-RRLYR-00578,9,1.6401808878972286,0
OGLE-GD-RRLYR-00580,9,1.6526258956336177,0
OGLE-GD-RRLYR-00582,9,1.61686023518481,0
OGLE-GD-RRLYR-00607,9,1.7096608584436792,0
OGLE-GD-RRLYR-00620,9,1.6877666553054576,0
OGLE-GD-RRLYR-00631,9,1.9321814533198653,0
OGLE-GD-RRLYR-00632,9,1.690357369615787,0
OGLE-GD-RRLYR-00636,9,1.612992076199731,0
OGLE-GD-RRLYR-00642,9,1.7170929334182679,0
OGLE-GD-RRLYR-00645,9,1.7115653793415337,0
OGLE-GD-RRLYR-00657,9,1.615186857189347,0
OGLE-GD-RRLYR-00664,9,1.7114237198977753,0
OGLE-GD-RRLYR-00666,9,1.6311908812094842,0
OGLE-GD-RRLYR-00674,9,1.727178563025749,0
OGLE-GD-RRLYR-00705,9,1.5714443400688465,0
OGLE-GD-RRLYR-00720,9,1.7276873044869538,0
OGLE-GD-RRLYR-00725,9,1.9530530771851902,0
OGLE-GD-RRLYR-00745,9,1.9026079055476868,0
OGLE-GD-RRLYR-00747,9,1.792991030228983,0
OGLE-GD-RRLYR-00764,9,2.0272060842861093,0
OGLE-GD-RRLYR-00773,9,1.719961280585561,0
OGLE-GD-RRLYR-00778,9,1.7834601880988985,0
OGLE-GD-RRLYR-00800,9,2.117450625743689,0
OGLE-GD-RRLYR-00827,9,1.6730429965298828,0
OGLE-GD-RRLYR-00841,9,1.8429879456137415,0
OGLE-GD-RRLYR-00846,9,1.6776633171586113,0
OGLE-GD-RRLYR-00847,9,2.109922879284473,0
OGLE-GD-RRLYR-00856,9,1.8054270282296745,0
OGLE-GD-RRLYR-00867,9,1.7570380958961145,0
OGLE-GD-RRLYR-00874,9,1.793664097790449,0
OGLE-GD-RRLYR-00876,9,1.7609526270268072,0
OGLE-GD-RRLYR-00881,9,1.712063655148999,0
OGLE-GD-RRLYR-00907,9,1.6909775456901621,0
OGLE-GD-RRLYR-00908,9,1.7191137208230372,0
OGLE-GD-RRLYR-00910,9,1.6074793841989699,0
OGLE-GD-RRLYR-00913,9,1.8011605937845592,0
OGLE-GD-RRLYR-00918,9,1.6333491486338363,0
OGLE-GD-RRLYR-00946,9,1.7667709173322796,0
OGLE-GD-RRLYR-00975,9,1.6935206016839548,0
OGLE-GD-RRLYR-00990,9,3.481567634215846,0
OGLE-GD-RRLYR-00991,9,1.6961553517449415,0
OGLE-GD-RRLYR-00992,9,1.7623954268687907,0
OGLE-GD-RRLYR-00994,9,1.951396487545884,0
OGLE-GD-RRLYR-00995,9,1.9584870343354286,0
OGLE-GD-RRLYR-00998,9,1.7576657251489354,0
OGLE-GD-RRLYR-01000,9,1.676288970342545,0
OGLE-GD-RRLYR-01014,9,2.0777718764484936,0
OGLE-GD-RRLYR-01043,9,1.6259232977630773,0
OGLE-GD-RRLYR-01096,9,2.0720182140445367,0
OGLE-GD-RRLYR-01101,9,1.6604465424429014,0
OGLE-GD-RRLYR-01139,9,1.6166494128334836,0
OGLE-GD-RRLYR-01155,9,1.8164833070802846,0
OGLE-GD-RRLYR-01159,9,1.6686538104410698,0
OGLE-GD-RRLYR-01160,9,1.5980380634127314,0
OGLE-GD-RRLYR-01165,9,1.7519584782649222,0
OGLE-GD-RRLYR-01168,9,1.613622992986934,0
OGLE-GD-RRLYR-01184,9,1.9580260539499976,0
OGLE-GD-RRLYR-01187,9,1.8857090789481652,0
OGLE-GD-RRLYR-01194,9,1.9581865502647047,0
OGLE-GD-RRLYR-01230,9,1.7004586757351319,0
OGLE-GD-RRLYR-01261,9,1.7105980550382243,0
OGLE-GD-RRLYR-01287,9,1.7223569238830605,0
OGLE-GD-RRLYR-01296,9,1.8087482950592255,0
OGLE-GD-RRLYR-01306,9,1.6785147097984163,0
OGLE-GD-RRLYR-01313,9,1.592921236075499,0
OGLE-GD-RRLYR-01326,9,1.8059602469429765,0
OGLE-GD-RRLYR-01327,9,1.7747953023042984,0
OGLE-GD-RRLYR-01364,9,1.9256659329151533,0
OGLE-GD-RRLYR-01374,9,1.7424096142616516,0
OGLE-GD-RRLYR-01385,9,1.704669323034637,0
OGLE-GD-RRLYR-01387,9,1.7250375922114283,0
OGLE-GD-RRLYR-01421,9,2.0566721842756954,0
OGLE-GD-RRLYR-01431,9,1.6800183703474707,0
OGLE-GD-RRLYR-01439,9,1.6028921955021662,0
OGLE-GD-RRLYR-01444,9,1.7538159403694964,0
OGLE-GD-RRLYR-01480,9,2.142509677346308,0
OGLE-GD-RRLYR-01484,9,1.6423697463328053,0
OGLE-GD-RRLYR-01488,9,1.7083470456929941,0
OGLE-GD-RRLYR-01496,9,1.7175108482460049,0
OGLE-GD-RRLYR-01504,9,1.6600261518762878,0
OGLE-GD-RRLYR-01510,9,1.9491843640624011,0
OGLE-GD-RRLYR-01525,9,1.657318071824352,0
OGLE-GD-RRLYR-01526,9,1.673196857789108,0
OGLE-GD-RRLYR-01538,9,1.9718560168831183,0
OGLE-GD-RRLYR-01571,9,1.8250405310370337,0
OGLE-GD-RRLYR-01579,9,1.7118645122323708,0
OGLE-GD-RRLYR-01592,9,2.2613958803149723,0
OGLE-GD-RRLYR-01597,9,1.7517703830223108,0
OGLE-GD-RRLYR-01628,9,1.9566680855133205,0
OGLE-GD-RRLYR-01655,9,1.8374914102053725,0
OGLE-GD-RRLYR-01672,9,1.6352852776820013,0
OGLE-GD-RRLYR-01673,9,1.7566886455326998,0
OGLE-GD-RRLYR-01686,9,1.9677434797031255,0
OGLE-GD-RRLYR-01700,9,2.182370445670271,0
OGLE-GD-RRLYR-01701,9,1.7349224934537235,0
OGLE-GD-RRLYR-01737,9,1.688597967082205,0
OGLE-GD-RRLYR-01740,9,1.797641674795648,0
OGLE-GD-RRLYR-01761,9,1.6294739515096992,0
OGLE-GD-RRLYR-01771,9,1.7968590884324134,0
OGLE-GD-RRLYR-01781,9,1.7905494257863364,0
OGLE-GD-RRLYR-01788,9,1.71505338023732,0
OGLE-GD-RRLYR-01804,9,1.6240517832769161,0
OGLE-GD-RRLYR-01811,9,1.835585695891496,0
OGLE-GD-RRLYR-01823,9,1.7251086898312484,0
OGLE-GD-RRLYR-01827,9,1.9625325366381638,0
OGLE-GD-RRLYR-01832,9,1.851937117035929,0
OGLE-GD-RRLYR-01837,9,1.742601990295637,0
OGLE-GD-RRLYR-01839,9,1.629152852721774,0
OGLE-GD-RRLYR-01841,9,1.6116915709744646,0
OGLE-GD-RRLYR-01843,9,1.7232312639782532,0
OGLE-GD-RRLYR-01852,9,1.6183147042745183,0
OGLE-GD-RRLYR-01863,9,1.8707223280213279,0
OGLE-GD-RRLYR-01892,9,1.9394241888958283,0
OGLE-GD-RRLYR-01893,9,1.6487363347977428,0
OGLE-GD-RRLYR-01896,9,1.7159060585706596,0
OGLE-GD-RRLYR-01901,9,1.792754692691314,0
OGLE-GD-RRLYR-01907,9,1.7957399569084773,0
OGLE-GD-RRLYR-01934,9,1.8346630585547021,0
OGLE-GD-RRLYR-01957,9,1.7984942789820866,0
OGLE-GD-RRLYR-01958,9,1.9940143801747776,0
OGLE-GD-RRLYR-01961,9,1.816955917735407,0
OGLE-GD-RRLYR-01969,9,1.6602439822397652,0
OGLE-GD-RRLYR-01980,9,1.8473270041506042,0
OGLE-GD-RRLYR-01983,9,1.779815368917206,0
OGLE-GD-RRLYR-02004,9,1.806425625029028,0
OGLE-GD-RRLYR-02014,9,1.696605280559882,0
OGLE-GD-RRLYR-02059,9,1.6643482188126848,0
OGLE-GD-RRLYR-02072,9,1.849276543375519,0
OGLE-GD-RRLYR-02073,9,1.7432878654608233,0
OGLE-GD-RRLYR-02089,9,2.266156622943773,0
OGLE-GD-RRLYR-02094,9,1.64376742579934,0
OGLE-GD-RRLYR-02105,9,1.6956567684902415,0
OGLE-GD-RRLYR-02114,9,1.685576578201516,0
OGLE-GD-RRLYR-02117,9,1.8341266331592452,0
OGLE-GD-RRLYR-02118,9,1.8369779747604085,0
OGLE-GD-RRLYR-02125,9,1.678890595599142,0
OGLE-GD-RRLYR-02133,9,1.6364075149091206,0
OGLE-GD-RRLYR-02153,9,1.6663073579581391,0
OGLE-GD-RRLYR-02167,9,1.7073365359662802,0
OGLE-GD-RRLYR-02168,9,1.990325806755394,0
OGLE-GD-RRLYR-02192,9,2.0472760070616913,0
OGLE-GD-RRLYR-02203,9,1.6555244799108897,0
OGLE-GD-RRLYR-02209,9,1.5803936607335114,0
OGLE-GD-RRLYR-02217,9,1.802463466113032,0
OGLE-GD-RRLYR-02222,9,1.7423842950146538,0
OGLE-GD-RRLYR-02240,9,2.677005909572784,0
OGLE-GD-RRLYR-02292,9,1.7114211012618177,0
OGLE-GD-RRLYR-02293,9,1.7287492980612533,0
OGLE-GD-RRLYR-02298,9,1.8965679800486317,0
OGLE-GD-RRLYR-02302,9,1.6456494205631966,0
OGLE-GD-RRLYR-02303,9,1.6239991843856068,0
OGLE-GD-RRLYR-02314,9,1.6751544757381172,0
OGLE-GD-RRLYR-02322,9,1.6193062800920093,0
OGLE-GD-RRLYR-02376,9,1.685910571009402,0
OGLE-GD-RRLYR-02401,9,1.7967374284180782,0
OGLE-GD-RRLYR-02409,9,1.6789629661822383,0
OGLE-GD-RRLYR-02419,9,2.541676204897447,0
OGLE-GD-RRLYR-02432,9,1.8651159367299517,0
OGLE-GD-RRLYR-02439,9,1.635378239360839,0
OGLE-GD-RRLYR-02442,9,1.6637177101049028,0
OGLE-GD-RRLYR-02462,9,1.775783348613715,0
OGLE-GD-RRLYR-02465,9,1.6314568516981527,0
OGLE-GD-RRLYR-02475,9,1.7354064896522825,0
OGLE-GD-RRLYR-02476,9,3.567830994712101,0
OGLE-GD-RRLYR-02495,9,1.7571916520415418,0
OGLE-GD-RRLYR-02501,9,1.7171191904391463,0
OGLE-GD-RRLYR-02515,9,1.8637767124902975,0
OGLE-GD-RRLYR-02536,9,1.7614560723628323,0
OGLE-GD-RRLYR-02542,9,2.117328861000008,0
OGLE-GD-RRLYR-02544,9,1.8213762905782693,0
OGLE-GD-RRLYR-02545,9,1.7889300224850426,0
OGLE-GD-RRLYR-02547,9,1.7065909332041558,0
OGLE-GD-RRLYR-02551,9,1.8545512200608187,0
OGLE-GD-RRLYR-02578,9,1.6880473961732327,0
OGLE-GD-RRLYR-02582,9,1.6290695192337525,0
OGLE-GD-RRLYR-02586,9,1.672674099974533,0
OGLE-GD-RRLYR-02603,9,2.0483223022224495,0
OGLE-GD-RRLYR-02610,9,1.7944601432197977,0
OGLE-GD-RRLYR-02613,9,1.8459660050434048,0
OGLE-GD-RRLYR-02617,9,2.1705877647505023,0
OGLE-GD-RRLYR-02631,9,1.603567398615742,0
OGLE-GD-RRLYR-02639,9,1.7190108153122505,0
OGLE-GD-RRLYR-02640,9,1.844738040693358,0
OGLE-GD-RRLYR-02642,9,1.6762241164736535,0
OGLE-GD-RRLYR-02668,9,1.7274015289179403,0
OGLE-GD-RRLYR-02702,9,1.7417474835592592,0
OGLE-GD-RRLYR-02708,9,1.7160362661665998,0
OGLE-GD-RRLYR-02745,9,1.7666287374418745,0
OGLE-GD-RRLYR-02753,9,2.152710254669759,0
OGLE-GD-RRLYR-02768,9,1.6499388849926715,0
OGLE-GD-RRLYR-02789,9,1.6627859382510415,0
OGLE-GD-RRLYR-02808,9,1.7029504696867148,0
OGLE-GD-RRLYR-02813,9,1.8033594539907574,0
OGLE-GD-RRLYR-02814,9,1.6965476247755318,0
OGLE-GD-RRLYR-02835,9,1.8182927444670065,0
OGLE-GD-RRLYR-02860,9,1.5928834211554725,0
OGLE-GD-RRLYR-02861,9,1.8074263178027044,0
OGLE-GD-RRLYR-02874,9,1.8184710311450683,0
OGLE-GD-RRLYR-02888,9,1.7078252913141447,0
OGLE-GD-RRLYR-02892,9,1.8554573165653039,0
OGLE-GD-RRLYR-02901,9,1.693287880323608,0
OGLE-GD-RRLYR-02908,9,1.6959010762975186,0
OGLE-GD-RRLYR-02915,9,1.839128804983047,0
OGLE-GD-RRLYR-02936,9,2.0219075107498923,0
OGLE-GD-RRLYR-02972,9,1.9482393561254112,0
OGLE-GD-RRLYR-02997,9,1.6611593811998013,0
OGLE-GD-RRLYR-03005,9,2.175774920926408,0
OGLE-GD-RRLYR-03009,9,1.6687552290097905,0
OGLE-GD-RRLYR-03030,9,1.9234431510903078,0
OGLE-GD-RRLYR-03049,9,1.9095062981342088,0
OGLE-GD-RRLYR-03090,9,1.5944128647544722,0
OGLE-GD-RRLYR-03095,9,1.9709467796543865,0
OGLE-GD-RRLYR-03100,9,1.6655337529397938,0
OGLE-GD-RRLYR-03132,9,1.6677409590367582,0
OGLE-GD-RRLYR-03139,9,1.7102513827718457,0
OGLE-GD-RRLYR-03151,9,1.6910786884341424,0
OGLE-GD-RRLYR-03160,9,1.6525100224255556,0
OGLE-GD-RRLYR-03162,9,2.078510034272069,0
OGLE-GD-RRLYR-03167,9,1.7123140022575705,0
OGLE-GD-RRLYR-03216,9,1.5744175345994733,0
OGLE-GD-RRLYR-03223,9,1.7051084539987462,0
OGLE-GD-RRLYR-03231,9,1.7035047902257774,0
OGLE-GD-RRLYR-03237,9,1.7504150821706792,0
OGLE-GD-RRLYR-03241,9,1.677862402472998,0
OGLE-GD-RRLYR-03251,9,1.7711714036564792,0
OGLE-GD-RRLYR-03253,9,1.762613111990188,0
OGLE-GD-RRLYR-03256,9,1.796282540322658,0
OGLE-GD-RRLYR-03263,9,1.6749336522027602,0
OGLE-GD-RRLYR-03265,9,1.74641984633826,0
OGLE-GD-RRLYR-03270,9,1.646162368159415,0
OGLE-GD-RRLYR-03279,9,1.7741877610406627,0
OGLE-GD-RRLYR-03290,9,1.6238175549969855,0
OGLE-GD-RRLYR-03291,9,2.739922873150728,0
OGLE-GD-RRLYR-03307,9,1.6259244904647754,0
OGLE-GD-RRLYR-03324,9,1.9560456024358341,0
OGLE-GD-RRLYR-03328,9,1.7915527046676851,0
OGLE-GD-RRLYR-03344,9,1.7376525183385756,0
OGLE-GD-RRLYR-03356,9,1.7857060028380431,0
OGLE-GD-RRLYR-03369,9,1.6062429671174767,0
OGLE-GD-RRLYR-03382,9,1.8970847267391642,0
OGLE-GD-RRLYR-03399,9,1.7216086374568298,0
OGLE-GD-RRLYR-03401,9,1.8740136921222406,0
OGLE-GD-RRLYR-03418,9,1.9781564989930294,0
OGLE-GD-RRLYR-03423,9,1.5760612967255134,0
OGLE-GD-RRLYR-03438,9,1.648324502642835,0
OGLE-GD-RRLYR-03443,9,1.7064359233363189,0
OGLE-GD-RRLYR-03467,9,1.6716070858280636,0
OGLE-GD-RRLYR-03470,9,1.690932272689718,0
OGLE-GD-RRLYR-03472,9,1.9155284140947555,0
OGLE-GD-RRLYR-03474,9,1.7491598618169526,0
OGLE-GD-RRLYR-03481,9,1.7707952839384897,0
OGLE-GD-RRLYR-03492,9,1.6503082485572642,0
OGLE-GD-RRLYR-03498,9,1.8628656670404002,0
OGLE-GD-RRLYR-03510,9,1.5963395505684739,0
OGLE-GD-RRLYR-03515,9,1.787631503218578,0
OGLE-GD-RRLYR-03520,9,2.0620703313840836,0
OGLE-GD-RRLYR-03521,9,1.7186963443874241,0
OGLE-GD-RRLYR-03554,9,1.8692665887715376,0
OGLE-GD-RRLYR-03557,9,1.6183818762680615,0
OGLE-GD-RRLYR-03573,9,1.9210257863123623,0
OGLE-GD-RRLYR-03583,9,1.7041299176509594,0
OGLE-GD-RRLYR-03588,9,1.8070515649569694,0
OGLE-GD-RRLYR-03605,9,1.6412368317515655,0
OGLE-GD-RRLYR-03609,9,1.8891471687630497,0
OGLE-GD-RRLYR-03625,9,1.7593915470634882,0
OGLE-GD-RRLYR-03634,9,1.663583525233433,0
OGLE-GD-RRLYR-03654,9,1.967987188573105,0
OGLE-GD-RRLYR-03655,9,1.8295247486522133,0
OGLE-GD-RRLYR-03685,9,1.874059868817025,0
OGLE-GD-RRLYR-03707,9,1.9072587562328454,0
OGLE-GD-RRLYR-03751,9,1.8066987119419127,0
OGLE-GD-RRLYR-03775,9,1.7535287080474824,0
OGLE-GD-RRLYR-03794,9,1.7707421151330567,0
OGLE-GD-RRLYR-03803,9,1.6940426799287585,0
OGLE-GD-RRLYR-03804,9,1.5365468286559676,0
OGLE-GD-RRLYR-03816,9,1.7396587561655914,0
OGLE-GD-RRLYR-03822,9,1.8157520887955194,0
OGLE-GD-RRLYR-03832,9,1.8144073347256666,0
OGLE-GD-RRLYR-03846,9,1.6225269517296705,0
OGLE-GD-RRLYR-03870,9,1.8395254980497233,0
OGLE-GD-RRLYR-03873,9,1.7613247356941288,0
OGLE-GD-RRLYR-03875,9,1.8574241074564968,0
OGLE-GD-RRLYR-03886,9,1.7659945934786268,0
OGLE-GD-RRLYR-03889,9,1.782081981736424,0
OGLE-GD-RRLYR-03910,9,1.757782679452456,0
OGLE-GD-RRLYR-03945,9,2.001953289803804,0
OGLE-GD-RRLYR-03948,9,1.6655768932711863,0
OGLE-GD-RRLYR-03955,9,1.8058845580416023,0
OGLE-GD-RRLYR-03967,9,1.6441261061894297,0
OGLE-GD-RRLYR-03970,9,1.7800312871831252,0
OGLE-GD-RRLYR-03980,9,1.8664055869308975,0
OGLE-GD-RRLYR-04020,9,1.712840304463766,0
OGLE-GD-RRLYR-04023,9,2.0867677946623773,0
OGLE-GD-RRLYR-04024,9,2.077773634287975,0
OGLE-GD-RRLYR-04027,9,1.941172479149176,0
OGLE-GD-RRLYR-04028,9,1.7830766769664435,0
OGLE-GD-RRLYR-04042,9,1.9470664934814053,0
OGLE-GD-RRLYR-04044,9,1.7091480435102,0
OGLE-GD-RRLYR-04060,9,1.7082509016826006,0
OGLE-GD-RRLYR-04087,9,2.347670351291507,0
OGLE-GD-RRLYR-04117,9,1.6592832202517875,0
OGLE-GD-RRLYR-04120,9,1.7249735398814516,0
OGLE-GD-RRLYR-04121,9,1.8798820572028454,0
OGLE-GD-RRLYR-04136,9,2.0736869454015676,0
OGLE-GD-RRLYR-04152,9,1.7914240415167855,0
OGLE-GD-RRLYR-04165,9,1.777558106467664,0
OGLE-GD-RRLYR-04178,9,1.9388110359595938,0
OGLE-GD-RRLYR-04181,9,2.0529951317686503,0
OGLE-GD-RRLYR-04188,9,1.7191043604323926,0
OGLE-GD-RRLYR-04189,9,1.676448199137143,0
OGLE-GD-RRLYR-04200,9,1.6775021845785518,0
OGLE-GD-RRLYR-04203,9,1.6357870386865525,0
OGLE-GD-RRLYR-04204,9,1.7872450244259093,0
OGLE-GD-RRLYR-04211,9,1.6513445588679934,0
OGLE-GD-RRLYR-04215,9,1.719488918478406,0
OGLE-GD-RRLYR-04244,9,1.608180140769592,0
OGLE-GD-RRLYR-04257,9,1.5806624181720412,0
OGLE-GD-RRLYR-04268,9,1.7456142260201537,0
OGLE-GD-RRLYR-04288,9,1.6302020582736159,0
OGLE-GD-RRLYR-04309,9,2.2960878196898,0
OGLE-GD-RRLYR-04313,9,1.8431828728060677,0
OGLE-GD-RRLYR-04315,9,1.7504712303506442,0
OGLE-GD-RRLYR-04318,9,1.7146897510026515,0
OGLE-GD-RRLYR-04323,9,1.7110235990401306,0
OGLE-GD-RRLYR-04335,9,2.0163061697728355,0
OGLE-GD-RRLYR-04342,9,1.8082833511858387,0
OGLE-GD-RRLYR-04351,9,1.8952964232683351,0
OGLE-GD-RRLYR-04371,9,1.8156541793644012,0
OGLE-GD-RRLYR-04388,9,2.090957833875907,0
OGLE-GD-RRLYR-04404,9,1.8770909355041336,0
OGLE-GD-RRLYR-04419,9,1.7394341737222263,0
OGLE-GD-RRLYR-04447,9,1.6796671124817992,0
OGLE-GD-RRLYR-04449,9,1.6834265332059861,0
OGLE-GD-RRLYR-04450,9,1.8516455659141982,0
OGLE-GD-RRLYR-04470,9,1.6492432961165826,0
OGLE-GD-RRLYR-04474,9,1.8870913111889622,0
OGLE-GD-RRLYR-04488,9,1.7263734560978827,0
OGLE-GD-RRLYR-04489,9,1.7645473356252743,0
OGLE-GD-RRLYR-04508,9,2.3699690615128746,0
OGLE-GD-RRLYR-04525,9,1.7237002211406922,0
OGLE-GD-RRLYR-04538,9,1.9436382394273497,0
OGLE-GD-RRLYR-04571,9,2.031768878917008,0
OGLE-GD-RRLYR-04576,9,1.5843412616015857,0
OGLE-GD-RRLYR-04625,9,1.8656204110820078,0
OGLE-GD-RRLYR-04637,9,1.6740624153852148,0
OGLE-GD-RRLYR-04639,9,1.6233512977090834,0
OGLE-GD-RRLYR-04674,9,1.7801065372203917,0
OGLE-GD-RRLYR-04677,9,2.038386940454648,0
OGLE-GD-RRLYR-04681,9,2.0184509464708564,0
OGLE-GD-RRLYR-04686,9,2.503136127438883,0
OGLE-GD-RRLYR-04698,9,1.5723248444533358,0
OGLE-GD-RRLYR-04712,9,2.094094353910775,0
OGLE-GD-RRLYR-04719,9,1.8176918464812828,0
OGLE-GD-RRLYR-04722,9,1.7059454136951815,0
OGLE-GD-RRLYR-04723,9,1.7852254088121011,0
OGLE-GD-RRLYR-04728,9,1.652819889204123,0
OGLE-GD-RRLYR-04745,9,1.5772271958530653,0
OGLE-GD-RRLYR-04754,9,1.8538733847930462,0
OGLE-GD-RRLYR-04771,9,1.7877337078179576,0
OGLE-GD-RRLYR-04772,9,1.6656937026991938,0
OGLE-GD-RRLYR-04803,9,1.8828317468674134,0
OGLE-GD-RRLYR-04820,9,1.6775875644272613,0
OGLE-GD-RRLYR-04825,9,1.603923705837937,0
OGLE-GD-RRLYR-04829,9,1.7853714967083667,0
OGLE-GD-RRLYR-04830,9,1.6769444045276138,0
OGLE-GD-RRLYR-04853,9,1.6746061943196078,0
OGLE-GD-RRLYR-04877,9,1.6579277170647193,0
OGLE-GD-RRLYR-04878,9,1.6736465720587017,0
OGLE-GD-RRLYR-04892,9,6.771521378536604,0
OGLE-GD-RRLYR-04907,9,2.0373501822416977,0
OGLE-GD-RRLYR-04935,9,1.8148175021093342,0
OGLE-GD-RRLYR-04945,9,1.6198380112387898,0
OGLE-GD-RRLYR-04960,9,1.6301472792806009,0
OGLE-GD-RRLYR-04975,9,1.8277945082365228,0
OGLE-GD-RRLYR-04983,9,1.8319200604732078,0
OGLE-GD-RRLYR-05011,9,1.6755210899101443,0
OGLE-GD-RRLYR-05018,9,2.0521670949043753,0
OGLE-GD-RRLYR-05049,9,1.7264686436047771,0
OGLE-GD-RRLYR-05065,9,1.8998004336273653,0
OGLE-GD-RRLYR-05102,9,1.846354772838856,0
OGLE-GD-RRLYR-05123,9,1.7532967049876753,0
OGLE-GD-RRLYR-05124,9,1.7348070836325278,0
OGLE-GD-RRLYR-05139,9,1.8181989665300038,0
OGLE-GD-RRLYR-05141,9,1.9037418441281095,0
OGLE-GD-RRLYR-05143,9,1.699185144655914,0
OGLE-GD-RRLYR-05144,9,1.7122554251802062,0
OGLE-GD-RRLYR-05158,9,2.059116408121682,0
OGLE-GD-RRLYR-05172,9,1.8908794474283896,0
OGLE-GD-RRLYR-05180,9,2.033687351777863,0
OGLE-GD-RRLYR-05188,9,1.8502806469351516,0
OGLE-GD-RRLYR-05219,9,1.8711333642558194,0
OGLE-GD-RRLYR-05229,9,1.9612698418512247,0
OGLE-GD-RRLYR-05236,9,1.6322395405399581,0
OGLE-GD-RRLYR-05257,9,1.872946543910282,0
OGLE-GD-RRLYR-05262,9,1.8998362093184302,0
OGLE-GD-RRLYR-05280,9,1.61191395282225,0
OGLE-GD-RRLYR-05284,9,1.9076158158411725,0
OGLE-GD-RRLYR-05287,9,1.814062022189332,0
OGLE-GD-RRLYR-05312,9,2.295978877471252,0
OGLE-GD-RRLYR-05314,9,1.7159471760068883,0
OGLE-GD-RRLYR-05322,9,1.6844972788174137,0
OGLE-GD-RRLYR-05331,9,1.8336991487072747,0
OGLE-GD-RRLYR-05339,9,1.6099244166777922,0
OGLE-GD-RRLYR-05348,9,1.7063153357177767,0
OGLE-GD-RRLYR-05365,9,1.5941764484262178,0
OGLE-GD-RRLYR-05367,9,1.8396483526312564,0
OGLE-GD-RRLYR-05384,9,1.9910146349905498,0
OGLE-GD-RRLYR-05425,9,1.6950354685096665,0
OGLE-GD-RRLYR-05433,9,2.2519177670405366,0
OGLE-GD-RRLYR-05438,9,1.8485900146605165,0
OGLE-GD-RRLYR-05446,9,1.7803403623134813,0
OGLE-GD-RRLYR-05451,9,1.8678104826896613,0
OGLE-GD-RRLYR-05454,9,1.97203814331122,0
OGLE-GD-RRLYR-05469,9,1.664974054883934,0
OGLE-GD-RRLYR-05471,9,1.8588758185209864,0
OGLE-GD-RRLYR-05476,9,1.970570923786279,0
OGLE-GD-RRLYR-05497,9,2.420091479491036,0
OGLE-GD-RRLYR-05509,9,1.6836423006017458,0
OGLE-GD-RRLYR-05524,9,1.817770956206224,0
OGLE-GD-RRLYR-05534,9,1.6536110239679356,0
OGLE-GD-RRLYR-05540,9,1.7849236246409066,0
OGLE-GD-RRLYR-05580,9,1.8463081122310356,0
OGLE-GD-RRLYR-05589,9,1.8966960634840968,0
OGLE-GD-RRLYR-05596,9,1.7867340770575213,0
OGLE-GD-RRLYR-05607,9,2.221667423837274,0
OGLE-GD-RRLYR-05611,9,1.686692705837571,0
OGLE-GD-RRLYR-05640,9,5.447093979155939,0
OGLE-GD-RRLYR-05654,9,1.572687135069363,0
OGLE-GD-RRLYR-05683,9,1.6311481020712044,0
OGLE-GD-RRLYR-05686,9,1.793989185666601,0
OGLE-GD-RRLYR-05698,9,2.4619428342165866,0
OGLE-GD-RRLYR-05717,9,1.856690491243322,0
OGLE-GD-RRLYR-05721,9,1.7003377931870867,0
OGLE-GD-RRLYR-05723,9,1.8759159107738426,0
OGLE-GD-RRLYR-05753,9,2.038355786953212,0
OGLE-GD-RRLYR-05772,9,2.247674938915629,0
OGLE-GD-RRLYR-05773,9,1.758022929369384,0
OGLE-GD-RRLYR-05792,9,1.63647329365952,0
OGLE-GD-RRLYR-05804,9,1.6481438574493077,0
OGLE-GD-RRLYR-05807,9,2.11546024661547,0
OGLE-GD-RRLYR-05823,9,2.315964899527815,0
OGLE-GD-RRLYR-05824,9,1.7071882886323941,0
OGLE-GD-RRLYR-05834,9,2.1687992942542897,0
OGLE-GD-RRLYR-05852,9,1.9625088060390807,0
OGLE-GD-RRLYR-05858,9,1.810273002739086,0
OGLE-GD-RRLYR-05859,9,1.6527874412812542,0
OGLE-GD-RRLYR-05861,9,1.712647757852411,0
OGLE-GD-RRLYR-05873,9,1.7661273033622957,0
OGLE-GD-RRLYR-05874,9,3.0296641490286897,0
OGLE-GD-RRLYR-05876,9,1.7423938196809279,0
OGLE-GD-RRLYR-05891,9,1.5832173381143204,0
OGLE-GD-RRLYR-05893,9,2.7734577691083766,0
OGLE-GD-RRLYR-05901,9,2.187569905227224,0
OGLE-GD-RRLYR-05909,9,2.1068197065677947,0
OGLE-GD-RRLYR-05930,9,1.7939093908411383,0
OGLE-GD-RRLYR-05941,9,1.9565770290276252,0
OGLE-GD-RRLYR-05961,9,1.9277786687152236,0
OGLE-GD-RRLYR-05980,9,1.7715499177424645,0
OGLE-GD-RRLYR-06009,9,2.419109195723958,0
OGLE-GD-RRLYR-06045,9,1.858937540779841,0
OGLE-GD-RRLYR-06063,9,2.020078066327892,0
OGLE-GD-RRLYR-06066,9,1.6399382665851605,0
OGLE-GD-RRLYR-06076,9,1.9361260451369666,0
OGLE-GD-RRLYR-06080,9,1.7038036039675877,0
OGLE-GD-RRLYR-06097,9,1.9114920048612503,0
OGLE-GD-RRLYR-06115,9,1.9471738579708358,0
OGLE-GD-RRLYR-06124,9,1.7931696380504771,0
OGLE-GD-RRLYR-06159,9,1.7066712198777205,0
OGLE-GD-RRLYR-06164,9,2.034066869315713,0
OGLE-GD-RRLYR-06174,9,1.7105985232422631,0
OGLE-GD-RRLYR-06179,9,1.8348820564680401,0
OGLE-GD-RRLYR-06200,9,2.088426907773023,0
OGLE-GD-RRLYR-06229,9,1.8206322412766252,0
OGLE-GD-RRLYR-06237,9,2.222239087689835,0
OGLE-GD-RRLYR-06254,9,1.6618001326459422,0
OGLE-GD-RRLYR-06262,9,2.073197697747749,0
OGLE-GD-RRLYR-06269,9,1.953938190028509,0
OGLE-GD-RRLYR-06294,9,1.8208855945319762,0
OGLE-GD-RRLYR-06312,9,1.7286207303602918,0
OGLE-GD-RRLYR-06313,9,1.7513218754537891,0
OGLE-GD-RRLYR-06347,9,2.009932053026373,0
OGLE-GD-RRLYR-06378,9,1.9746761034085303,0
OGLE-GD-RRLYR-06394,9,2.0680289585791582,0
OGLE-GD-RRLYR-06401,9,1.7258222214057393,0
OGLE-GD-RRLYR-06412,9,1.8654347086798713,0
OGLE-GD-RRLYR-06415,9,3.8746853992599464,0
OGLE-GD-RRLYR-06417,9,1.6476807477925086,0
OGLE-GD-RRLYR-06421,9,1.6354810592303712,0
OGLE-GD-RRLYR-06428,9,2.0845083512892786,0
OGLE-GD-RRLYR-06429,9,1.7229971041575682,0
OGLE-GD-RRLYR-06431,9,1.845045085388611,0
OGLE-GD-RRLYR-06445,9,1.7732029756123078,0
OGLE-GD-RRLYR-06454,9,2.279892280465499,0
OGLE-GD-RRLYR-06473,9,1.6440108765004648,0
OGLE-GD-RRLYR-06482,9,1.6729646587210818,0
OGLE-GD-RRLYR-06492,9,1.7647458580244688,0
OGLE-GD-RRLYR-06522,9,1.9555806893437997,0
OGLE-GD-RRLYR-06541,9,1.9631542166342741,0
OGLE-GD-RRLYR-06543,9,1.6062584541797726,0
OGLE-GD-RRLYR-06544,9,1.6454149988528646,0
OGLE-GD-RRLYR-06561,9,1.6588041059512038,0
OGLE-GD-RRLYR-06569,9,1.717354056057176,0
OGLE-GD-RRLYR-06575,9,1.6510743706560904,0
OGLE-GD-RRLYR-06584,9,1.6672289885556943,0
OGLE-GD-RRLYR-06600,9,1.8025214442785733,0
OGLE-GD-RRLYR-06630,9,2.1750089285920295,0
OGLE-GD-RRLYR-06632,9,4.9178480915540295,0
OGLE-GD-RRLYR-06650,9,1.879430013662577,0
OGLE-GD-RRLYR-06654,9,1.8047272276668547,0
OGLE-GD-RRLYR-06661,9,1.9511444401897275,0
OGLE-GD-RRLYR-06690,9,1.8999649072201397,0
OGLE-GD-RRLYR-06692,9,1.8639294359573115,0
OGLE-GD-RRLYR-06712,9,1.8286925298858747,0
OGLE-GD-RRLYR-06768,9,1.889824517964689,0
OGLE-GD-RRLYR-06772,9,1.8465022514046023,0
OGLE-GD-RRLYR-06782,9,1.6588990764570517,0
OGLE-GD-RRLYR-06783,9,1.7579479797672033,0
OGLE-GD-RRLYR-06821,9,1.6918711917815934,0
OGLE-GD-RRLYR-06826,9,1.6030152694007138,0
OGLE-GD-RRLYR-06841,9,1.7979084412714683,0
OGLE-GD-RRLYR-06851,9,2.5486636765635122,0
OGLE-GD-RRLYR-06855,9,1.7558570937982587,0
OGLE-GD-RRLYR-06860,9,2.048162291740883,0
OGLE-GD-RRLYR-06862,9,1.8091460032518427,0
OGLE-GD-RRLYR-06873,9,1.8436482199703967,0
OGLE-GD-RRLYR-06875,9,1.760580979611644,0
OGLE-GD-RRLYR-06876,9,1.6455712126287887,0
OGLE-GD-RRLYR-06899,9,2.018681592800295,0
OGLE-GD-RRLYR-06918,9,1.7583581655142524,0
OGLE-GD-RRLYR-06920,9,1.7530621632021883,0
OGLE-GD-RRLYR-06942,9,3.0966117437732286,0
OGLE-GD-RRLYR-06945,9,2.473940908932414,0
OGLE-GD-RRLYR-06946,9,1.6416700952278018,0
OGLE-GD-RRLYR-06954,9,2.0491609475004506,0
OGLE-GD-RRLYR-06977,9,2.0669236392134316,0
OGLE-GD-RRLYR-06995,9,2.0473687608892317,0
OGLE-GD-RRLYR-07005,9,1.7996839457408331,0
OGLE-GD-RRLYR-07013,9,1.7054738309350768,0
OGLE-GD-RRLYR-07030,9,2.5287569683371247,0
OGLE-GD-RRLYR-07032,9,1.6195072215532158,0
OGLE-GD-RRLYR-07035,9,1.7402362365308026,0
OGLE-GD-RRLYR-07044,9,1.9519364429737365,0
OGLE-GD-RRLYR-07047,9,1.9931577893543686,0
OGLE-GD-RRLYR-07067,9,1.673242125102565,0
OGLE-GD-RRLYR-07070,9,1.8833371052168475,0
OGLE-GD-RRLYR-07104,9,1.605090833909797,0
OGLE-GD-RRLYR-07109,9,1.6559605516476832,0
OGLE-GD-RRLYR-07112,9,1.6186124060837679,0
OGLE-GD-RRLYR-07114,9,2.0220077317050063,0
OGLE-GD-RRLYR-07129,9,1.9075400162700398,0
OGLE-GD-RRLYR-07138,9,1.7053616069384363,0
OGLE-GD-RRLYR-07144,9,1.654114250349916,0
OGLE-GD-RRLYR-07160,9,2.4935956213076946,0
OGLE-GD-RRLYR-07168,9,1.7356478906497574,0
OGLE-GD-RRLYR-07183,9,1.9517939309231551,0
OGLE-GD-RRLYR-07200,9,1.8940004381600664,0
OGLE-GD-RRLYR-07222,9,1.70110453983207,0
OGLE-GD-RRLYR-07224,9,1.7779537843416438,0
OGLE-GD-RRLYR-07235,9,1.8948057644178022,0
OGLE-GD-RRLYR-07243,9,1.68952955283546,0
OGLE-GD-RRLYR-07255,9,3.5712282736629883,0
OGLE-GD-RRLYR-07263,9,2.0245412977607504,0
OGLE-GD-RRLYR-07268,9,1.5818365914129884,0
OGLE-GD-RRLYR-07270,9,1.8463210691783842,0
OGLE-GD-RRLYR-07287,9,1.6915355499313487,0
OGLE-GD-RRLYR-07288,9,1.689143526320807,0
OGLE-GD-RRLYR-07289,9,1.6720292243967776,0
OGLE-GD-RRLYR-07291,9,1.7298522612690117,0
OGLE-GD-RRLYR-07292,9,2.419619321502993,0
OGLE-GD-RRLYR-07319,9,1.810043230970718,0
OGLE-GD-RRLYR-07328,9,2.003738184245311,0
OGLE-GD-RRLYR-07339,9,1.631422192493688,0
OGLE-GD-RRLYR-07353,9,1.8422004097283653,0
OGLE-GD-RRLYR-07356,9,2.009604590738584,0
OGLE-GD-RRLYR-07375,9,2.410173509386766,0
OGLE-GD-RRLYR-07378,9,1.7402010071026939,0
OGLE-GD-RRLYR-07380,9,1.756393269603249,0
OGLE-GD-RRLYR-07397,9,1.7838678405429427,0
OGLE-GD-RRLYR-07443,9,1.9833519687652295,0
OGLE-GD-RRLYR-07469,9,1.9031528826640707,0
OGLE-GD-RRLYR-07470,9,1.6679625741299235,0
OGLE-GD-RRLYR-07483,9,1.8471660051099625,0
OGLE-GD-RRLYR-07492,9,1.773536407162587,0
OGLE-GD-RRLYR-07574,9,1.8730837322344365,0
OGLE-GD-RRLYR-07586,9,1.8512788405936669,0
OGLE-GD-RRLYR-07589,9,1.9014837637286233,0
OGLE-GD-RRLYR-07595,9,1.6934555279647718,0
OGLE-GD-RRLYR-07622,9,1.7758845434780943,0
OGLE-GD-RRLYR-07623,9,1.6555695933066623,0
OGLE-GD-RRLYR-07626,9,1.8018186656393302,0
OGLE-GD-RRLYR-07628,9,1.6094440737233748,0
OGLE-GD-RRLYR-07644,9,1.8803596862728893,0
OGLE-GD-RRLYR-07645,9,1.6435223078009775,0
OGLE-GD-RRLYR-07652,9,1.9491417150936836,0
OGLE-GD-RRLYR-07676,9,1.8688082104749972,0
OGLE-GD-RRLYR-07692,9,1.9307877841549164,0
OGLE-GD-RRLYR-07694,9,1.8075737086268973,0
OGLE-GD-RRLYR-07703,9,1.8035796152551142,0
OGLE-GD-RRLYR-07738,9,1.7314951275928416,0
OGLE-GD-RRLYR-07745,9,2.015701838456808,0
OGLE-GD-RRLYR-07760,9,1.6443725393823347,0
OGLE-GD-RRLYR-07768,9,1.7911082455490603,0
OGLE-GD-RRLYR-07779,9,1.7173720822062475,0
OGLE-GD-RRLYR-07785,9,2.2320436305228615,0
OGLE-GD-RRLYR-07818,9,1.6136531154152238,0
OGLE-GD-RRLYR-07831,9,1.862806781922457,0
OGLE-GD-RRLYR-07833,9,2.5578497109311726,0
OGLE-GD-RRLYR-07866,9,1.8839014234236475,0
OGLE-GD-RRLYR-07870,9,1.8408025646631865,0
OGLE-GD-RRLYR-07880,9,1.9975470689644224,0
OGLE-GD-RRLYR-07895,9,2.0877961190022694,0
OGLE-GD-RRLYR-07909,9,1.9621798858900186,0
OGLE-GD-RRLYR-07927,9,1.704173098986012,0
OGLE-GD-RRLYR-07930,9,1.9414001420936013,0
OGLE-GD-RRLYR-07932,9,1.8686717783014424,0
OGLE-GD-RRLYR-07936,9,2.3591951117356498,0
OGLE-GD-RRLYR-07938,9,1.714882005195921,0
OGLE-GD-RRLYR-07947,9,1.7405690893767882,0
OGLE-GD-RRLYR-07948,9,1.8031126716027972,0
OGLE-GD-RRLYR-07955,9,2.039182372833449,0
OGLE-GD-RRLYR-07964,9,1.6682126851131944,0
OGLE-GD-RRLYR-07987,9,1.6722457477373511,0
OGLE-GD-RRLYR-07992,9,1.6290894130797384,0
OGLE-GD-RRLYR-08011,9,2.5671175634754935,0
OGLE-GD-RRLYR-08018,9,1.7460707312451071,0
OGLE-GD-RRLYR-08031,9,1.6995326263988242,0
OGLE-GD-RRLYR-08033,9,1.6704052122214441,0
OGLE-GD-RRLYR-08045,9,1.7855882854931302,0
OGLE-GD-RRLYR-08048,9,1.6831655418282214,0
OGLE-GD-RRLYR-08051,9,1.6879357641829225,0
OGLE-GD-RRLYR-08053,9,2.686473963269452,0
OGLE-GD-RRLYR-08054,9,2.2744554897341875,0
OGLE-GD-RRLYR-08056,9,1.7140937414404243,0
OGLE-GD-RRLYR-08062,9,2.059714855949434,0
OGLE-GD-RRLYR-08068,9,1.6947910277834168,0
OGLE-GD-RRLYR-08092,9,1.6587773598614683,0
OGLE-GD-RRLYR-08093,9,1.8380018849089892,0
OGLE-GD-RRLYR-08104,9,1.5892811887645317,0
OGLE-GD-RRLYR-08135,9,1.6395930338294502,0
OGLE-GD-RRLYR-08142,9,1.7242685172066998,0
OGLE-GD-RRLYR-08159,9,1.7656070701732414,0
OGLE-GD-RRLYR-08179,9,1.7976849402139636,0
OGLE-GD-RRLYR-08191,9,1.5772043041771744,0
OGLE-GD-RRLYR-08196,9,1.728268820129622,0
OGLE-GD-RRLYR-08215,9,1.7912723096075969,0
OGLE-GD-RRLYR-08227,9,1.826887530379958,0
OGLE-GD-RRLYR-08239,9,1.7557529732917703,0
OGLE-GD-RRLYR-08240,9,1.652679858982779,0
OGLE-GD-RRLYR-08241,9,1.9957585090452832,0
OGLE-GD-RRLYR-08246,9,2.094408348995477,0
OGLE-GD-RRLYR-08293,9,1.7805699791467753,0
OGLE-GD-RRLYR-08299,9,1.8447417446861165,0
OGLE-GD-RRLYR-08302,9,1.8876634570242317,0
OGLE-GD-RRLYR-08308,9,1.8422258793839428,0
OGLE-GD-RRLYR-08328,9,2.319244697097447,0
OGLE-GD-RRLYR-08335,9,1.8289622203966918,0
OGLE-GD-RRLYR-08345,9,1.9372585306286714,0
OGLE-GD-RRLYR-08354,9,1.8180919427133162,0
OGLE-GD-RRLYR-08364,9,1.7101268933918126,0
OGLE-GD-RRLYR-08366,9,1.87247975229614,0
OGLE-GD-RRLYR-08392,9,1.7053793553408327,0
OGLE-GD-RRLYR-08397,9,1.6455172292136508,0
OGLE-GD-RRLYR-08412,9,3.2971978488510993,0
OGLE-GD-RRLYR-08457,9,1.9590147786469456,0
OGLE-GD-RRLYR-08462,9,1.829038643730271,0
OGLE-GD-RRLYR-08478,9,1.8536770607830029,0
OGLE-GD-RRLYR-08494,9,1.7168677750063301,0
OGLE-GD-RRLYR-08495,9,1.8455059584890217,0
OGLE-GD-RRLYR-08502,9,1.6907731491075033,0
OGLE-GD-RRLYR-08511,9,1.9575632992890788,0
OGLE-GD-RRLYR-08522,9,1.7853442158952497,0
OGLE-GD-RRLYR-08570,9,1.6504724990777049,0
OGLE-GD-RRLYR-08577,9,1.6098262721207937,0
OGLE-GD-RRLYR-08596,9,1.6774713550038651,0
OGLE-GD-RRLYR-08611,9,1.9087768962570788,0
OGLE-GD-RRLYR-08612,9,1.6428051134160746,0
OGLE-GD-RRLYR-08642,9,1.879345496079508,0
OGLE-GD-RRLYR-08669,9,1.8440217508859482,0
OGLE-GD-RRLYR-08673,9,1.8230762935324274,0
OGLE-GD-RRLYR-08726,9,1.7767014297098065,0
OGLE-GD-RRLYR-08734,9,2.028718349474248,0
OGLE-GD-RRLYR-08736,9,2.025265388809851,0
OGLE-GD-RRLYR-08741,9,1.933992303693599,0
OGLE-GD-RRLYR-08742,9,1.9539308096242203,0
OGLE-GD-RRLYR-08747,9,2.0936495496585885,0
OGLE-GD-RRLYR-08754,9,1.8137988942046273,0
OGLE-GD-RRLYR-08757,9,1.9768568292686026,0
OGLE-GD-RRLYR-08772,9,1.661556416479428,0
OGLE-GD-RRLYR-08787,9,1.6404689211065806,0
OGLE-GD-RRLYR-08795,9,1.9266341056620497,0
OGLE-GD-RRLYR-08799,9,1.8356908119248663,0
OGLE-GD-RRLYR-08805,9,2.054547372410515,0
OGLE-GD-RRLYR-08811,9,1.7138821328860616,0
OGLE-GD-RRLYR-08812,9,1.615701948188301,0
OGLE-GD-RRLYR-08848,9,1.8583150325347746,0
OGLE-GD-RRLYR-08853,9,1.6712793831943327,0
OGLE-GD-RRLYR-08855,9,1.812290977901441,0
OGLE-GD-RRLYR-08866,9,1.9648423310206078,0
OGLE-GD-RRLYR-08872,9,1.7708196856229956,0
OGLE-GD-RRLYR-08901,9,1.9704185825488483,0
OGLE-GD-RRLYR-08952,9,1.789450921006434,0
OGLE-GD-RRLYR-08973,9,1.7861729474106138,0
OGLE-GD-RRLYR-09033,9,1.9788876920008027,0
OGLE-GD-RRLYR-09038,9,1.7821002461501732,0
OGLE-GD-RRLYR-09040,9,1.6471707616420117,0
OGLE-GD-RRLYR-09053,9,2.151515838009454,0
OGLE-GD-RRLYR-09063,9,1.8566950629129424,0
OGLE-GD-RRLYR-09086,9,1.9122630719666438,0
OGLE-GD-RRLYR-09105,9,1.7500037770892174,0
OGLE-GD-RRLYR-09112,9,1.8992418198322178,0
OGLE-GD-RRLYR-09118,9,1.7942595468006681,0
OGLE-GD-RRLYR-09119,9,1.6749428467612395,0
OGLE-GD-RRLYR-09132,9,1.7731325510701985,0
OGLE-GD-RRLYR-09150,9,1.8150924585907613,0
OGLE-GD-RRLYR-09155,9,1.742584264659998,0
OGLE-GD-RRLYR-09163,9,1.8197168650633742,0
OGLE-GD-RRLYR-09165,9,1.9193030706547407,0
OGLE-GD-RRLYR-09171,9,1.9337660257709781,0
OGLE-GD-RRLYR-09173,9,1.9762640947112036,0
OGLE-GD-RRLYR-09174,9,1.9871507741834722,0
OGLE-GD-RRLYR-09197,9,1.9343092646320594,0
OGLE-GD-RRLYR-09208,9,1.6328418261893394,0
OGLE-GD-RRLYR-09215,9,1.691076258002498,0
OGLE-GD-RRLYR-09233,9,1.902555967725235,0
OGLE-GD-RRLYR-09248,9,1.7769374035869034,0
OGLE-GD-RRLYR-09260,9,1.6721120583264673,0
OGLE-GD-RRLYR-09263,9,1.8086517394307517,0
OGLE-GD-RRLYR-09264,9,1.7562523844368454,0
OGLE-GD-RRLYR-09266,9,1.7783268163717132,0
OGLE-GD-RRLYR-09271,9,1.8880311292643501,0
OGLE-GD-RRLYR-09273,9,1.7581968239547974,0
OGLE-GD-RRLYR-09276,9,1.6396999537414587,0
OGLE-GD-RRLYR-09285,9,1.668247126759908,0
OGLE-GD-RRLYR-09302,9,1.7284572939415201,0
OGLE-GD-RRLYR-09356,9,1.8899633643783342,0
OGLE-GD-RRLYR-09362,9,1.9143569343586166,0
OGLE-GD-RRLYR-09372,9,1.9256076798888526,0
OGLE-GD-RRLYR-09377,9,1.759917485342575,0
OGLE-GD-RRLYR-09388,9,2.059796534455962,0
OGLE-GD-RRLYR-09391,9,1.6152791585458213,0
OGLE-GD-RRLYR-09392,9,1.646630641792602,0
OGLE-GD-RRLYR-09400,9,1.7116625251310775,0
OGLE-GD-RRLYR-09413,9,1.8138243024073686,0
OGLE-GD-RRLYR-09414,9,1.834434875004226,0
OGLE-GD-RRLYR-09424,9,1.773648037329458,0
OGLE-GD-RRLYR-09439,9,1.7281452162479682,0
OGLE-GD-RRLYR-09443,9,1.6457886329319118,0
OGLE-GD-RRLYR-09456,9,1.648585776069578,0
OGLE-GD-RRLYR-09469,9,1.9843567078955533,0
OGLE-GD-RRLYR-09472,9,2.1327213492532047,0
OGLE-GD-RRLYR-09475,9,1.9129533050429741,0
OGLE-GD-RRLYR-09480,9,1.6305264906738122,0
OGLE-GD-RRLYR-09486,9,1.8293978782470155,0
OGLE-GD-RRLYR-09499,9,1.824088219256559,0
OGLE-GD-RRLYR-09501,9,1.7767298263375724,0
OGLE-GD-RRLYR-09514,9,1.6352869075254004,0
OGLE-GD-RRLYR-09517,9,1.783191785471169,0
OGLE-GD-RRLYR-09526,9,1.7817487516804438,0
OGLE-GD-RRLYR-09534,9,1.8741336135938842,0
OGLE-GD-RRLYR-09549,9,3.8797463989444236,0
OGLE-GD-RRLYR-09555,9,1.708651813651689,0
OGLE-GD-RRLYR-09564,9,1.6102976970262104,0
OGLE-GD-RRLYR-09574,9,1.7133467692073476,0
OGLE-GD-RRLYR-09593,9,1.8882714222116421,0
OGLE-GD-RRLYR-09628,9,1.7281132705195477,0
OGLE-GD-RRLYR-09640,9,1.8547377438990897,0
OGLE-GD-RRLYR-09643,9,1.7519148861301301,0
OGLE-GD-RRLYR-09658,9,1.901659292390743,0
OGLE-GD-RRLYR-09664,9,1.7766079483723043,0
OGLE-GD-RRLYR-09671,9,1.7220407860564808,0
OGLE-GD-RRLYR-09676,9,1.7633709165600993,0
OGLE-GD-RRLYR-09683,9,1.9935887548617155,0
OGLE-GD-RRLYR-09686,9,1.6721392666452777,0
OGLE-GD-RRLYR-09692,9,1.6921570791251253,0
OGLE-GD-RRLYR-09699,9,1.7816148072844493,0
OGLE-GD-RRLYR-09723,9,1.591189766474506,0
OGLE-GD-RRLYR-09742,9,2.1309235585140534,0
OGLE-GD-RRLYR-09765,9,1.71816226378642,0
OGLE-GD-RRLYR-09766,9,1.685054975671154,0
OGLE-GD-RRLYR-09767,9,2.0011835606682538,0
OGLE-GD-RRLYR-09774,9,2.100933517710959,0
OGLE-GD-RRLYR-09776,9,1.6647372633508073,0
OGLE-GD-RRLYR-09780,9,1.6384880880585968,0
OGLE-GD-RRLYR-09785,9,1.8183038799620397,0
OGLE-GD-RRLYR-09795,9,1.6572297182460127,0
OGLE-GD-RRLYR-09822,9,1.7157482496548697,0
OGLE-GD-RRLYR-09823,9,1.648397745317589,0
OGLE-GD-RRLYR-09844,9,1.6095190533262222,0
OGLE-GD-RRLYR-09846,9,1.7541353876487835,0
OGLE-GD-RRLYR-09854,9,1.8223471898579964,0
OGLE-GD-RRLYR-09863,9,1.7135587724458525,0
OGLE-GD-RRLYR-09864,9,1.6324104328639353,0
OGLE-GD-RRLYR-09865,9,1.687643139928099,0
OGLE-GD-RRLYR-09878,9,1.6573501235157715,0
OGLE-GD-RRLYR-09880,9,1.7049831540419247,0
OGLE-GD-RRLYR-09881,9,2.094392536815292,0
OGLE-GD-RRLYR-09895,9,1.6103289885452348,0
OGLE-GD-RRLYR-09897,9,1.5797727642572175,0
OGLE-GD-RRLYR-09906,9,1.7881430826282474,0
OGLE-GD-RRLYR-09911,9,1.8171183526177834,0
OGLE-GD-RRLYR-09914,9,1.6383640804939912,0
OGLE-GD-RRLYR-09925,9,2.5204848279876666,0
OGLE-GD-RRLYR-09927,9,1.6787935993178433,0
OGLE-GD-RRLYR-09970,9,1.6973202008317327,0
OGLE-GD-RRLYR-09985,9,1.7395109080030493,0
OGLE-GD-RRLYR-09988,9,1.5834167008202629,0
OGLE-GD-RRLYR-09992,9,1.8502407240553722,0
OGLE-GD-RRLYR-09998,9,1.8301711960762588,0
OGLE-GD-RRLYR-10004,9,1.7578079514485583,0
OGLE-GD-RRLYR-10016,9,2.163696111087537,0
OGLE-GD-RRLYR-10024,9,1.8080116547727276,0
OGLE-GD-RRLYR-10036,9,1.6239660992145877,0
OGLE-GD-RRLYR-10050,9,2.190229643732823,0
OGLE-GD-RRLYR-10056,9,1.8690701358327784,0
OGLE-GD-RRLYR-10061,9,1.707215947826552,0
OGLE-GD-RRLYR-10063,9,1.6669955357012083,0
OGLE-GD-RRLYR-10076,9,1.7089057914694756,0
OGLE-GD-RRLYR-10082,9,1.6913579081411467,0
OGLE-GD-RRLYR-10095,9,1.6072677703335507,0
OGLE-GD-RRLYR-10100,9,1.8036944437967808,0
OGLE-GD-RRLYR-10115,9,1.5802579691949625,0
OGLE-GD-RRLYR-10119,9,1.7809105342160447,0
OGLE-GD-RRLYR-10160,9,1.7796698696064723,0
OGLE-GD-RRLYR-10174,9,1.8113050436403337,0
OGLE-GD-RRLYR-10177,9,1.7176955013224084,0
OGLE-GD-RRLYR-10201,9,1.8213658087679228,0
OGLE-GD-RRLYR-10205,9,1.7956731963130415,0
OGLE-GD-RRLYR-10246,9,1.664875674917938,0
OGLE-GD-RRLYR-10263,9,2.739048226683069,0
OGLE-GD-RRLYR-10271,9,1.6649225027088836,0
OGLE-GD-RRLYR-10275,9,1.7095713532438412,0
OGLE-GD-RRLYR-10279,9,1.6933258421279755,0
OGLE-GD-RRLYR-10305,9,1.6548697116173534,0
OGLE-GD-RRLYR-10317,9,2.0976533713507983,0
OGLE-GD-RRLYR-10321,9,1.6805957902034274,0
OGLE-GD-RRLYR-10345,9,1.8042375420300494,0
OGLE-GD-RRLYR-10356,9,2.17034763543978,0
OGLE-GD-RRLYR-10364,9,1.7514461513772328,0
OGLE-GD-RRLYR-10375,9,1.7720272881385197,0
OGLE-GD-RRLYR-10393,9,1.6254431456383187,0
OGLE-GD-RRLYR-10394,9,2.004120165421749,0
OGLE-GD-RRLYR-10433,9,1.7717639623123678,0
OGLE-GD-RRLYR-10459,9,3.3858509595257664,0
OGLE-GD-RRLYR-10475,9,1.7616689094562867,0
OGLE-GD-RRLYR-10489,9,1.7063787405418172,0
OGLE-GD-RRLYR-10501,9,2.0230359085822323,0
OGLE-GD-RRLYR-10502,9,1.7213683636526138,0
OGLE-GD-RRLYR-10515,9,1.7093373118240156,0
OGLE-GD-RRLYR-10521,9,1.9018223022717713,0
OGLE-GD-RRLYR-10539,9,1.8908625977338585,0
OGLE-GD-RRLYR-10540,9,1.863262441604958,0
OGLE-GD-RRLYR-10561,9,1.9150585114796375,0
OGLE-GD-RRLYR-10568,9,1.7900108038012972,0
OGLE-GD-RRLYR-10586,9,1.921715230238575,0
OGLE-GD-RRLYR-10594,9,1.7697855794808266,0
OGLE-GD-RRLYR-10599,9,2.101904223175503,0
OGLE-GD-RRLYR-10600,9,3.7564749810475124,0
OGLE-GD-RRLYR-10618,9,1.9408589673314283,0
OGLE-GD-RRLYR-10637,9,2.7825359903011853,0
OGLE-GD-RRLYR-10645,9,1.7961745280279855,0
OGLE-GD-RRLYR-10662,9,1.6845036188368854,0
OGLE-GD-RRLYR-10668,9,1.9342317354427145,0
OGLE-GD-RRLYR-10675,9,1.8653569895173254,0
OGLE-GD-RRLYR-10677,9,2.1935376706229452,0
OGLE-GD-RRLYR-10687,9,1.7727287176669628,0
OGLE-GD-RRLYR-10701,9,2.208934791970298,0
OGLE-GD-RRLYR-10715,9,1.7194692850832527,0
OGLE-GD-RRLYR-10726,9,1.9629148576058404,0
OGLE-GD-RRLYR-10754,9,1.7678234568647038,0
OGLE-GD-RRLYR-10765,9,2.379926096840142,0
OGLE-GD-RRLYR-10772,9,1.5938217106884358,0
OGLE-GD-RRLYR-10774,9,1.95182577215758,0
OGLE-GD-RRLYR-10808,9,1.6673109583005885,0
OGLE-GD-RRLYR-10821,9,1.8666311605023307,0
OGLE-GD-RRLYR-10846,9,1.709017327836667,0
OGLE-GD-RRLYR-10850,9,1.826740467258915,0
OGLE-GD-RRLYR-10872,9,2.057251413677017,0
OGLE-GD-RRLYR-10873,9,2.101987836497617,0
OGLE-GD-RRLYR-10881,9,1.9689355811971696,0
OGLE-GD-RRLYR-10884,9,2.0770496675461017,0
OGLE-GD-RRLYR-10888,9,1.8708948816373865,0
OGLE-GD-RRLYR-10900,9,1.797768840305415,0
OGLE-GD-RRLYR-10908,9,1.8716196149141964,0
OGLE-GD-RRLYR-10932,9,1.8072273370112646,0
OGLE-GD-RRLYR-10943,9,2.0010995565825187,0
OGLE-GD-RRLYR-10954,9,2.267252856386522,0
OGLE-GD-RRLYR-10962,9,1.8192642282106037,0
OGLE-GD-RRLYR-10966,9,1.9892410834032546,0
OGLE-GD-RRLYR-10967,9,1.902707063823296,0
OGLE-GD-RRLYR-10975,9,1.9962778655712232,0
OGLE-GD-RRLYR-10982,9,1.8889507064720548,0
OGLE-GD-RRLYR-10986,9,1.945515062644741,0
OGLE-GD-RRLYR-10991,9,1.804066112245179,0
OGLE-GD-RRLYR-11007,9,2.2318805881444708,0
OGLE-GD-RRLYR-11012,9,1.9154867241168736,0
OGLE-GD-RRLYR-11015,9,2.0979916984994893,0
OGLE-GD-RRLYR-11017,9,1.8802657481868634,0
OGLE-GD-RRLYR-11023,9,2.6538996403414536,0
OGLE-GD-RRLYR-11028,9,2.254549112009858,0
OGLE-GD-RRLYR-11030,9,1.7995283106398292,0
OGLE-GD-RRLYR-11045,9,1.9078805976275865,0
OGLE-GD-RRLYR-11053,9,2.2132887066326266,0
OGLE-GD-RRLYR-11077,9,2.310673121025886,0
OGLE-GD-RRLYR-11095,9,2.6420403310356204,0
OGLE-GD-RRLYR-11111,9,1.8070664527829823,0
OGLE-GD-RRLYR-11112,9,1.671755198386464,0
OGLE-GD-RRLYR-11123,9,1.6660543685427092,0
OGLE-GD-RRLYR-11130,9,2.598400252464043,0
OGLE-GD-RRLYR-11131,9,2.306595872617708,0
OGLE-GD-RRLYR-11140,9,2.305018933119254,0
OGLE-GD-RRLYR-11144,9,2.3720524010787702,0
OGLE-GD-RRLYR-11161,9,1.9288646192369414,0
OGLE-GD-RRLYR-11173,9,2.146083335174357,0
OGLE-GD-RRLYR-11181,9,1.762575661209066,0
OGLE-GD-RRLYR-11187,9,2.2657739805366695,0
OGLE-GD-RRLYR-11198,9,2.460089082116364,0
OGLE-GD-RRLYR-11201,9,1.8668041107059357,0
OGLE-GD-RRLYR-11202,9,2.238157752763259,0
OGLE-GD-RRLYR-11207,9,1.9329047148439986,0
OGLE-GD-RRLYR-11219,9,1.8773573929482568,0
OGLE-GD-RRLYR-11235,9,1.8295828282777848,0
OGLE-GD-RRLYR-11243,9,1.9429307063677346,0
OGLE-GD-RRLYR-11249,9,1.8914579629005415,0
OGLE-GD-RRLYR-11256,9,2.0865703122941266,0
OGLE-GD-RRLYR-11274,9,2.446905757084182,0
OGLE-GD-RRLYR-11275,9,1.8330112126274702,0
OGLE-GD-RRLYR-11281,9,1.9051902461932395,0
OGLE-GD-RRLYR-11311,9,9.88872810513224,0
OGLE-GD-RRLYR-11317,9,2.3635156920783915,0
OGLE-GD-RRLYR-11357,9,1.8485249639439028,0
OGLE-GD-RRLYR-11373,9,2.8473075320422265,0
OGLE-GD-RRLYR-11390,9,2.5796495423319836,0
OGLE-GD-RRLYR-11393,9,2.2347273219217603,0
OGLE-GD-RRLYR-11396,9,1.9183021979481325,0
OGLE-GD-RRLYR-11409,9,2.1844131715145445,0
OGLE-GD-RRLYR-11410,9,2.003646303220095,0
OGLE-GD-RRLYR-11434,9,2.0814541971222247,0
OGLE-GD-RRLYR-11437,9,1.9122206984939332,0
OGLE-GD-RRLYR-11454,9,2.0056626096758654,0
OGLE-GD-RRLYR-11456,9,1.795391824150603,0
OGLE-GD-RRLYR-11465,9,1.815792407722585,0
OGLE-GD-RRLYR-11485,9,2.024029568464026,0
OGLE-GD-RRLYR-11494,9,1.6214037652554212,0
OGLE-GD-RRLYR-11500,9,1.9324347572543685,0
OGLE-GD-RRLYR-11504,9,1.9716287950187956,0
OGLE-GD-RRLYR-11525,9,1.8511857587252971,0
OGLE-GD-RRLYR-11534,9,1.9587637232775734,0
OGLE-GD-RRLYR-11552,9,2.071283714675017,0
OGLE-GD-RRLYR-11555,9,2.1113370075496474,0
OGLE-GD-RRLYR-11557,9,1.8022142875435003,0
OGLE-GD-RRLYR-11561,9,2.025944510557551,0
OGLE-GD-RRLYR-11570,9,2.1069055335577844,0
OGLE-GD-RRLYR-11575,9,1.7057847019521661,0
OGLE-GD-RRLYR-11578,9,1.8680415207090044,0
OGLE-GD-RRLYR-11589,9,1.934512015021161,0
OGLE-GD-RRLYR-11590,9,1.6714926938763,0
OGLE-GD-RRLYR-11592,9,1.967845394236837,0
OGLE-GD-RRLYR-11594,9,1.7192343275493474,0
OGLE-GD-RRLYR-11617,9,2.393173776030655,0
OGLE-GD-RRLYR-11627,9,2.047340039926347,0
OGLE-GD-RRLYR-11630,9,2.0172411008314977,0
OGLE-GD-RRLYR-11633,9,2.3401813876712376,0
OGLE-GD-RRLYR-11646,9,2.0205229326925602,0
