object_id,JDR | K-medoids,JDR | K-means,JDR | Average linkage,JDR | DBSCAN,JDR | HDBSCAN,Classical shape | K-medoids,Classical shape | K-means,Classical shape | Average linkage,Classical shape | DBSCAN,Classical shape | HDBSCAN,Classical full | K-medoids,Classical full | K-means,Classical full | Average linkage,Classical full | DBSCAN,Classical full | HDBSCAN
OGLE-BLG-RRLYR-00302,0,1,2,0,10,2,2,0,0,2,2,0,2,0,1
OGLE-BLG-RRLYR-00316,0,2,2,0,8,0,0,2,-1,-1,0,2,1,-1,-1
OGLE-BLG-RRLYR-00318,0,1,2,0,10,2,2,0,0,-1,2,0,2,0,1
OGLE-BLG-RRLYR-00532,0,2,2,0,-1,2,2,0,0,2,3,0,2,0,1
OGLE-BLG-RRLYR-00660,0,2,2,0,8,1,3,0,0,-1,1,1,2,0,1
OGLE-BLG-RRLYR-00873,0,2,2,0,8,2,2,0,0,-1,2,0,2,0,1
OGLE-BLG-RRLYR-00905,0,2,2,0,8,2,2,0,0,-1,2,0,2,-1,1
OGLE-BLG-RRLYR-01002,1,3,2,0,14,2,2,0,0,2,2,0,2,0,1
OGLE-BLG-RRLYR-01004,1,1,2,0,16,2,2,0,0,2,2,0,2,0,1
OGLE-BLG-RRLYR-01094,1,1,2,0,-1,1,3,0,0,2,3,1,2,0,1
OGLE-BLG-RRLYR-01095,1,3,2,0,14,2,2,0,0,2,3,0,2,0,1
OGLE-BLG-RRLYR-01135,1,1,2,0,18,2,2,0,0,2,2,0,2,0,1
OGLE-BLG-RRLYR-01145,1,1,2,0,-1,2,2,0,0,2,2,0,2,0,1
OGLE-BLG-RRLYR-01212,0,1,2,0,10,2,2,0,0,2,2,0,2,0,1
OGLE-BLG-RRLYR-01285,0,1,2,0,-1,2,2,0,0,2,2,0,2,0,1
OGLE-BLG-RRLYR-01348,0,2,2,0,-1,2,2,0,0,2,2,0,2,0,1
OGLE-BLG-RRLYR-01367,0,2,2,0,10,2,2,0,0,-1,2,0,2,0,1
OGLE-BLG-RRLYR-01471,0,2,2,0,8,1,3,0,-1,-1,3,1,2,-1,1
OGLE-BLG-RRLYR-01632,0,2,2,0,10,2,2,0,0,-1,2,0,2,0,1
OGLE-BLG-RRLYR-01653,0,2,2,0,-1,2,2,0,0,2,2,0,2,0,1
OGLE-BLG-RRLYR-01791,1,3,2,0,14,2,2,0,0,2,3,0,2,0,1
OGLE-BLG-RRLYR-01792,1,1,2,0,-1,1,3,0,0,2,3,1,2,0,1
OGLE-BLG-RRLYR-01857,1,1,2,0,-1,2,2,0,0,-1,2,0,2,0,1
OGLE-BLG-RRLYR-01949,1,3,2,-1,-1,1,3,0,0,2,3,1,2,0,1
OGLE-BLG-RRLYR-01951,1,3,2,0,14,2,2,0,0,-1,2,0,2,0,1
OGLE-BLG-RRLYR-02113,1,1,2,0,-1,1,3,0,0,-1,3,1,2,0,1
OGLE-BLG-RRLYR-02158,0,2,2,0,-1,2,2,0,-1,-1,2,0,2,-1,-1
OGLE-BLG-RRLYR-02309,0,2,2,-1,-1,1,3,0,0,0,1,1,2,1,4
OGLE-BLG-RRLYR-02354,0,2,2,0,-1,1,3,0,-1,-1,1,1,2,-1,-1
OGLE-BLG-RRLYR-02435,1,1,2,0,16,1,3,0,0,2,3,0,2,0,1
OGLE-BLG-RRLYR-02518,1,1,2,0,-1,2,2,0,0,-1,2,0,2,0,1
OGLE-BLG-RRLYR-02541,1,3,2,0,14,2,2,0,0,2,2,0,2,0,1
OGLE-BLG-RRLYR-02656,1,3,2,0,14,1,3,0,0,2,3,1,2,0,1
OGLE-BLG-RRLYR-02801,3,0,2,0,-1,1,3,0,-1,-1,1,1,2,-1,-1
OGLE-BLG-RRLYR-02834,3,0,2,-1,-1,1,3,0,0,-1,1,1,2,-1,-1
OGLE-BLG-RRLYR-02968,1,1,2,0,15,1,3,0,0,2,3,1,2,0,1
OGLE-BLG-RRLYR-03004,3,0,2,-1,-1,1,3,0,0,-1,1,1,2,1,-1
OGLE-BLG-RRLYR-03241,2,3,0,-1,-1,3,1,0,0,-1,3,3,2,0,1
OGLE-BLG-RRLYR-03409,0,1,2,0,-1,3,1,0,0,-1,3,3,2,-1,1
OGLE-BLG-RRLYR-03444,1,1,2,0,-1,2,2,0,0,-1,2,0,2,0,1
OGLE-BLG-RRLYR-03531,2,3,0,1,1,2,2,0,0,2,2,0,2,0,1
OGLE-BLG-RRLYR-03543,0,2,2,0,8,3,1,0,-1,-1,1,1,2,-1,-1
OGLE-BLG-RRLYR-03734,3,0,0,-1,-1,3,1,0,-1,-1,3,3,2,-1,-1
OGLE-BLG-RRLYR-04045,3,0,3,-1,2,1,3,0,0,-1,1,1,2,-1,-1
OGLE-BLG-RRLYR-04049,0,2,2,0,-1,2,2,0,0,-1,2,0,2,0,1
OGLE-BLG-RRLYR-04058,1,3,2,0,14,2,2,0,0,2,2,0,2,0,1
OGLE-BLG-RRLYR-04201,2,3,0,-1,0,2,2,0,0,2,2,0,2,0,1
OGLE-BLG-RRLYR-04202,2,3,0,-1,1,2,2,0,0,2,3,0,2,0,1
OGLE-BLG-RRLYR-04214,2,3,0,-1,1,3,1,0,-1,-1,3,3,2,0,1
OGLE-BLG-RRLYR-04229,2,3,0,-1,0,1,3,0,0,2,3,1,2,0,1
OGLE-BLG-RRLYR-04268,1,1,2,0,15,2,2,0,0,2,2,0,2,0,1
OGLE-BLG-RRLYR-04287,0,2,2,0,8,2,2,0,0,2,2,0,2,0,1
OGLE-BLG-RRLYR-04412,2,3,0,-1,-1,2,2,0,0,2,2,0,2,0,1
OGLE-BLG-RRLYR-04470,1,3,2,-1,-1,3,3,0,0,2,3,1,2,0,1
OGLE-BLG-RRLYR-04493,2,3,0,-1,0,1,3,0,0,2,3,0,2,0,1
OGLE-BLG-RRLYR-04597,2,3,0,-1,0,2,2,0,0,2,3,0,2,0,1
OGLE-BLG-RRLYR-04631,3,0,3,-1,-1,1,3,0,0,-1,1,1,2,1,-1
OGLE-BLG-RRLYR-04650,2,3,0,-1,0,2,2,0,0,2,2,0,2,0,1
OGLE-BLG-RRLYR-04665,0,1,2,0,10,2,2,0,0,-1,2,0,2,0,1
OGLE-BLG-RRLYR-04758,3,0,3,-1,-1,1,3,0,0,-1,1,1,2,1,-1
OGLE-BLG-RRLYR-04836,3,0,3,-1,-1,1,3,0,0,0,1,1,2,1,4
OGLE-BLG-RRLYR-04878,1,1,2,0,-1,2,2,0,0,2,2,0,2,0,1
OGLE-BLG-RRLYR-04940,2,3,0,-1,0,2,2,0,0,2,2,0,2,0,1
OGLE-BLG-RRLYR-05097,1,1,2,0,15,2,2,0,0,2,2,0,2,0,1
OGLE-BLG-RRLYR-05127,1,1,2,0,-1,1,3,0,-1,-1,2,1,2,-1,-1
OGLE-BLG-RRLYR-05149,2,3,0,-1,0,1,3,0,0,2,3,0,2,0,1
OGLE-BLG-RRLYR-05189,2,3,0,-1,-1,2,2,0,0,2,2,0,2,0,1
OGLE-BLG-RRLYR-05679,3,0,3,-1,-1,1,3,0,0,0,1,1,2,1,4
OGLE-BLG-RRLYR-05811,2,3,0,1,1,2,2,0,0,2,2,0,2,0,1
OGLE-BLG-RRLYR-05867,1,1,2,0,-1,2,2,0,0,2,2,0,2,0,1
OGLE-BLG-RRLYR-05959,1,1,2,-1,-1,2,2,0,0,2,2,0,2,0,1
OGLE-BLG-RRLYR-06026,2,3,0,-1,-1,2,2,0,0,2,2,0,2,0,1
OGLE-BLG-RRLYR-06063,3,0,1,-1,-1,1,3,0,0,2,1,1,2,0,1
OGLE-BLG-RRLYR-06174,3,0,2,-1,-1,1,3,0,0,1,1,1,2,1,-1
OGLE-BLG-RRLYR-06189,3,0,3,-1,-1,1,3,0,0,1,1,1,2,1,5
OGLE-BLG-RRLYR-06242,0,2,2,0,9,1,3,0,0,2,3,1,2,0,1
OGLE-BLG-RRLYR-06311,3,0,3,-1,-1,1,3,0,0,0,1,1,2,1,4
OGLE-BLG-RRLYR-06502,1,3,2,0,-1,2,2,0,0,2,3,0,2,0,1
OGLE-BLG-RRLYR-06648,2,3,0,-1,0,2,2,0,0,2,2,0,2,0,1
OGLE-BLG-RRLYR-06713,2,3,0,-1,-1,2,2,0,-1,-1,3,3,2,-1,-1
OGLE-BLG-RRLYR-06983,2,3,0,-1,-1,2,2,0,0,2,2,0,2,0,1
OGLE-BLG-RRLYR-07209,3,0,1,-1,-1,1,3,0,0,1,1,1,2,1,5
OGLE-BLG-RRLYR-07295,2,3,0,-1,1,1,3,0,0,2,3,1,2,0,1
OGLE-BLG-RRLYR-07337,1,3,0,-1,-1,2,2,0,0,-1,2,0,2,0,1
OGLE-BLG-RRLYR-07396,3,0,3,-1,-1,1,3,0,0,1,1,1,2,1,5
OGLE-BLG-RRLYR-07505,2,3,0,1,1,2,2,0,0,2,2,0,2,0,1
OGLE-BLG-RRLYR-07541,2,3,0,-1,-1,2,2,0,-1,-1,2,0,2,-1,1
OGLE-BLG-RRLYR-07566,2,3,0,-1,-1,1,3,0,0,2,3,1,2,0,1
OGLE-BLG-RRLYR-07933,3,0,0,-1,-1,3,1,0,0,-1,1,1,2,-1,-1
OGLE-BLG-RRLYR-08100,2,3,0,-1,0,2,2,0,0,2,2,0,2,0,1
OGLE-BLG-RRLYR-08207,0,2,2,0,-1,1,3,0,0,2,3,1,2,0,1
OGLE-BLG-RRLYR-08275,1,1,2,0,19,1,3,0,0,2,3,0,2,0,1
OGLE-BLG-RRLYR-08332,1,1,2,0,-1,1,3,0,0,2,3,1,2,0,1
OGLE-BLG-RRLYR-08450,2,3,0,-1,-1,1,3,0,0,2,3,1,2,0,1
OGLE-BLG-RRLYR-08699,2,3,0,-1,-1,1,3,0,0,2,3,1,2,0,1
OGLE-BLG-RRLYR-09008,3,0,3,-1,-1,1,3,0,-1,-1,1,1,2,-1,-1
OGLE-BLG-RRLYR-09064,2,3,0,-1,-1,2,2,0,0,2,2,0,2,0,1
OGLE-BLG-RRLYR-09103,0,2,2,0,9,2,2,0,0,-1,2,0,2,0,1
OGLE-BLG-RRLYR-09288,0,2,2,0,8,1,3,0,0,1,1,1,2,1,5
OGLE-BLG-RRLYR-09457,1,3,2,0,14,1,3,0,0,2,3,1,2,0,1
OGLE-BLG-RRLYR-09477,1,3,2,0,14,1,3,0,0,2,3,1,2,0,1
OGLE-BLG-RRLYR-09484,2,3,0,-1,-1,2,2,0,0,2,2,0,2,0,1
OGLE-BLG-RRLYR-09502,2,3,0,-1,1,2,2,0,0,2,3,0,2,0,1
OGLE-BLG-RRLYR-09512,1,3,2,0,14,2,2,0,0,2,2,0,2,0,1
OGLE-BLG-RRLYR-09525,1,1,2,0,-1,2,2,0,0,2,3,0,2,0,1
OGLE-BLG-RRLYR-09573,2,3,0,-1,-1,2,2,0,0,2,2,0,2,0,1
OGLE-BLG-RRLYR-09582,0,1,2,0,10,2,2,0,0,2,2,0,2,0,1
OGLE-BLG-RRLYR-09716,2,3,0,-1,1,2,2,0,0,2,2,0,2,0,1
OGLE-BLG-RRLYR-09765,1,3,2,0,14,2,2,0,0,2,2,0,2,0,1
OGLE-BLG-RRLYR-09826,1,3,2,0,14,2,2,0,0,2,2,0,2,0,1
OGLE-BLG-RRLYR-09847,0,2,2,0,11,2,2,0,0,2,2,0,2,0,1
OGLE-BLG-RRLYR-10174,1,1,2,0,-1,2,2,0,0,2,2,0,2,0,1
OGLE-BLG-RRLYR-10361,3,0,3,-1,2,1,3,0,0,0,1,1,2,1,4
OGLE-BLG-RRLYR-10435,1,1,2,0,-1,2,2,0,0,2,2,0,2,0,1
OGLE-BLG-RRLYR-10454,1,3,2,0,14,2,2,0,0,2,2,0,2,0,1
OGLE-BLG-RRLYR-10490,1,1,2,-1,-1,1,3,0,0,2,3,1,2,0,1
OGLE-BLG-RRLYR-10728,0,2,2,0,-1,2,2,0,-1,-1,2,0,2,-1,-1
OGLE-BLG-RRLYR-10787,3,0,3,-1,-1,1,3,0,0,0,1,1,2,1,4
OGLE-BLG-RRLYR-10876,1,1,2,2,6,2,2,0,0,2,2,0,2,0,1
OGLE-BLG-RRLYR-10991,3,0,3,-1,-1,1,3,0,0,1,1,1,2,1,5
OGLE-BLG-RRLYR-11044,3,0,3,-1,2,1,3,0,0,1,1,1,2,1,5
OGLE-BLG-RRLYR-11129,1,3,2,0,14,1,2,0,0,2,3,0,2,0,1
OGLE-BLG-RRLYR-11256,1,3,2,0,-1,2,2,0,0,2,2,0,2,0,1
OGLE-BLG-RRLYR-11428,2,3,0,1,1,2,2,0,0,2,2,0,2,0,1
OGLE-BLG-RRLYR-11435,2,3,0,-1,1,2,2,0,0,2,2,0,2,0,1
OGLE-BLG-RRLYR-11484,2,3,0,1,1,2,2,0,0,2,2,0,2,0,1
OGLE-BLG-RRLYR-11685,2,3,0,1,1,2,2,0,0,2,2,0,2,0,1
OGLE-BLG-RRLYR-11688,0,2,2,-1,-1,1,3,0,-1,-1,1,1,2,-1,-1
OGLE-BLG-RRLYR-11741,1,1,2,0,18,2,2,0,0,2,2,0,2,0,1
OGLE-BLG-RRLYR-11821,2,3,0,-1,1,2,2,0,0,2,3,0,2,0,1
OGLE-BLG-RRLYR-11846,2,3,0,-1,1,2,2,0,0,2,2,0,2,0,1
OGLE-BLG-RRLYR-12060,2,3,0,-1,-1,1,3,0,0,2,3,1,2,0,1
OGLE-BLG-RRLYR-12101,3,0,3,-1,-1,1,3,0,-1,-1,1,1,2,-1,-1
OGLE-BLG-RRLYR-12235,0,2,2,-1,-1,1,3,0,-1,-1,1,1,2,-1,-1
OGLE-BLG-RRLYR-12354,3,0,3,-1,2,1,3,0,0,1,1,1,2,1,5
OGLE-BLG-RRLYR-12364,2,3,0,-1,-1,2,2,0,0,2,2,0,2,0,1
OGLE-BLG-RRLYR-12389,2,3,0,-1,-1,2,2,0,0,2,2,0,2,0,1
OGLE-BLG-RRLYR-12416,0,2,2,0,9,2,2,0,0,2,3,0,2,0,1
OGLE-BLG-RRLYR-12442,2,3,0,-1,-1,1,3,0,0,2,3,0,2,0,1
OGLE-BLG-RRLYR-12472,2,3,0,-1,-1,2,2,0,0,2,2,0,2,0,1
OGLE-BLG-RRLYR-12491,2,3,0,-1,-1,2,2,0,0,2,2,0,2,0,1
OGLE-BLG-RRLYR-12705,0,2,2,0,8,1,3,0,0,-1,1,1,2,1,-1
OGLE-BLG-RRLYR-12839,0,2,2,0,8,0,0,1,-1,-1,0,2,0,-1,-1
OGLE-BLG-RRLYR-12863,3,1,2,-1,-1,1,3,0,0,1,1,1,2,1,-1
OGLE-BLG-RRLYR-12864,3,0,3,-1,-1,1,3,0,0,1,1,1,2,1,-1
OGLE-BLG-RRLYR-12942,0,2,2,-1,-1,1,3,0,-1,-1,1,1,2,-1,-1
OGLE-BLG-RRLYR-13153,3,0,3,-1,-1,1,3,0,-1,-1,1,1,2,-1,-1
OGLE-BLG-RRLYR-13241,3,0,3,-1,-1,2,2,0,-1,-1,2,0,2,0,1
OGLE-BLG-RRLYR-13296,1,1,2,0,15,2,2,0,0,2,2,0,2,0,1
OGLE-BLG-RRLYR-13446,0,1,2,0,10,2,2,0,0,-1,2,0,2,0,1
OGLE-BLG-RRLYR-13447,0,1,2,-1,-1,3,1,0,0,-1,3,3,2,0,1
OGLE-BLG-RRLYR-13480,1,3,2,0,-1,2,2,0,0,2,2,0,2,0,1
OGLE-BLG-RRLYR-13517,0,2,2,3,-1,1,3,0,0,0,1,1,2,1,4
OGLE-BLG-RRLYR-13917,3,0,3,-1,2,1,3,0,0,0,1,1,2,1,4
OGLE-BLG-RRLYR-13944,1,3,2,0,-1,2,2,0,0,2,2,0,2,0,1
OGLE-BLG-RRLYR-14070,0,1,2,0,10,2,2,0,0,2,2,0,2,0,1
OGLE-BLG-RRLYR-14104,3,0,2,-1,-1,1,3,2,-1,-1,1,1,1,-1,-1
OGLE-BLG-RRLYR-14173,0,1,2,0,10,2,2,0,0,2,2,0,2,0,1
OGLE-BLG-RRLYR-14183,0,2,2,3,4,3,1,0,-1,-1,2,3,2,-1,-1
OGLE-BLG-RRLYR-14191,0,2,2,0,9,2,2,0,0,2,2,0,2,0,1
OGLE-BLG-RRLYR-14212,2,3,0,-1,-1,2,2,0,0,2,2,0,2,0,1
OGLE-BLG-RRLYR-14278,1,1,2,0,-1,2,2,0,0,-1,2,0,2,0,1
OGLE-BLG-RRLYR-14334,0,1,2,0,10,1,3,0,-1,-1,3,1,2,-1,1
OGLE-BLG-RRLYR-14399,0,2,2,3,-1,1,3,0,0,-1,1,1,2,1,-1
OGLE-BLG-RRLYR-14423,0,2,2,0,9,2,2,0,0,2,2,0,2,0,1
OGLE-BLG-RRLYR-14449,0,2,2,0,11,1,3,0,0,2,3,0,2,0,1
OGLE-BLG-RRLYR-14529,3,0,3,-1,-1,1,3,0,0,0,1,1,2,1,4
OGLE-BLG-RRLYR-14604,0,2,2,0,8,1,3,0,0,-1,1,1,2,1,-1
OGLE-BLG-RRLYR-14854,1,1,2,0,-1,2,2,0,0,-1,3,0,2,0,1
OGLE-BLG-RRLYR-14934,0,1,2,0,-1,1,3,0,0,2,3,1,2,0,1
OGLE-BLG-RRLYR-15002,1,3,2,0,14,2,2,0,0,2,2,0,2,0,1
OGLE-BLG-RRLYR-15021,1,1,2,0,-1,2,2,0,0,2,2,0,2,0,1
OGLE-BLG-RRLYR-15057,0,2,2,3,3,1,3,0,0,1,1,1,2,1,5
OGLE-BLG-RRLYR-15124,0,2,2,0,10,1,2,0,0,2,3,0,2,0,1
OGLE-BLG-RRLYR-15145,1,3,2,0,14,2,2,0,0,2,2,0,2,0,1
OGLE-BLG-RRLYR-15482,0,1,2,0,-1,2,2,0,0,2,2,0,2,0,1
OGLE-BLG-RRLYR-15491,0,2,2,-1,-1,0,3,2,-1,-1,0,1,1,-1,-1
OGLE-BLG-RRLYR-15512,0,1,2,0,10,2,2,0,0,2,2,0,2,0,1
OGLE-BLG-RRLYR-15596,0,2,2,0,-1,1,3,0,0,-1,1,1,2,-1,-1
OGLE-BLG-RRLYR-15600,0,2,2,0,13,1,3,0,0,1,1,1,2,1,-1
OGLE-BLG-RRLYR-15633,0,2,2,0,13,1,3,0,0,1,1,1,2,1,5
OGLE-BLG-RRLYR-15744,1,1,2,0,-1,1,3,0,0,2,3,0,2,0,1
OGLE-BLG-RRLYR-15776,0,2,2,3,3,1,3,0,0,0,1,1,2,1,4
OGLE-BLG-RRLYR-15781,0,2,2,0,-1,1,3,0,0,-1,1,1,2,1,-1
OGLE-BLG-RRLYR-15929,0,2,2,0,11,2,2,0,0,2,2,0,2,0,1
OGLE-BLG-RRLYR-15969,0,2,2,3,3,1,3,0,0,-1,1,1,2,1,-1
OGLE-BLG-RRLYR-16024,1,1,2,0,-1,2,2,0,0,2,2,0,2,0,1
OGLE-BLG-RRLYR-16058,0,2,2,0,11,2,2,0,0,-1,2,0,2,0,1
OGLE-BLG-RRLYR-16119,1,1,2,0,-1,2,2,0,0,2,2,0,2,0,1
OGLE-BLG-RRLYR-16156,0,2,2,0,-1,1,3,0,-1,-1,3,1,2,-1,-1
OGLE-BLG-RRLYR-16332,0,2,2,3,3,1,3,0,0,0,1,1,2,1,4
OGLE-BLG-RRLYR-16419,0,2,2,3,3,1,3,0,-1,-1,1,1,2,-1,-1
OGLE-BLG-RRLYR-16600,0,2,2,3,3,1,3,0,0,-1,1,1,2,1,-1
OGLE-BLG-RRLYR-16670,1,1,2,0,-1,2,2,0,0,2,2,0,2,0,1
OGLE-BLG-RRLYR-16705,0,2,2,0,11,2,2,0,0,2,2,0,2,0,1
OGLE-BLG-RRLYR-16725,0,2,2,0,8,1,3,0,0,-1,3,1,2,0,1
OGLE-BLG-RRLYR-16832,0,2,2,0,8,2,2,0,-1,-1,2,0,2,-1,1
OGLE-LMC-RRLYR-00057,1,1,2,0,18,2,2,0,0,2,3,0,2,0,1
OGLE-LMC-RRLYR-00063,0,2,2,-1,-1,3,1,0,-1,-1,1,3,2,-1,-1
OGLE-LMC-RRLYR-00076,1,1,2,0,-1,2,2,0,0,2,2,0,2,0,1
OGLE-LMC-RRLYR-00485,0,2,2,0,8,3,1,0,-1,-1,3,3,2,-1,-1
OGLE-LMC-RRLYR-00527,0,2,2,0,13,3,1,0,-1,-1,1,3,2,-1,-1
OGLE-LMC-RRLYR-00540,1,1,2,0,18,2,2,0,0,2,2,0,2,0,1
OGLE-LMC-RRLYR-00585,1,1,2,0,-1,2,2,0,0,2,3,0,2,0,1
OGLE-LMC-RRLYR-00611,1,1,2,0,-1,2,2,0,0,2,2,0,2,0,1
OGLE-LMC-RRLYR-00649,1,1,2,0,-1,2,2,0,0,-1,2,0,2,0,1
OGLE-LMC-RRLYR-00676,0,2,2,0,-1,3,1,0,0,2,3,3,2,0,1
OGLE-LMC-RRLYR-00713,1,1,2,0,18,2,2,0,0,2,2,0,2,0,1
OGLE-LMC-RRLYR-00798,0,1,2,0,17,2,2,0,0,-1,2,0,2,0,1
OGLE-LMC-RRLYR-00917,1,1,2,0,18,3,1,0,0,2,3,3,2,0,1
OGLE-LMC-RRLYR-00962,0,1,2,0,-1,2,2,0,0,2,2,0,2,0,1
OGLE-LMC-RRLYR-00977,1,1,2,0,-1,2,2,0,0,-1,3,0,2,-1,-1
OGLE-LMC-RRLYR-00992,1,1,2,0,16,2,2,0,0,-1,2,0,2,0,1
OGLE-LMC-RRLYR-01155,1,1,2,0,-1,3,1,0,-1,-1,3,3,2,-1,1
OGLE-LMC-RRLYR-01180,0,1,2,0,-1,1,3,0,-1,-1,1,1,2,-1,-1
OGLE-LMC-RRLYR-01230,1,1,2,0,18,2,2,0,0,2,2,0,2,0,1
OGLE-LMC-RRLYR-01241,0,2,2,0,8,3,1,0,-1,-1,1,3,2,-1,-1
OGLE-LMC-RRLYR-01300,0,2,2,3,-1,1,3,0,0,-1,1,1,2,2,2
OGLE-LMC-RRLYR-01480,1,1,2,0,-1,3,1,0,0,-1,3,0,2,0,1
OGLE-LMC-RRLYR-01625,0,2,2,3,4,1,3,0,-1,-1,1,1,2,-1,-1
OGLE-LMC-RRLYR-01787,1,1,2,0,-1,2,2,0,0,-1,2,0,2,0,1
OGLE-LMC-RRLYR-01842,0,1,2,0,-1,3,1,0,0,-1,3,3,2,0,1
OGLE-LMC-RRLYR-01876,1,1,2,0,18,2,2,0,0,2,2,0,2,0,1
OGLE-LMC-RRLYR-02055,0,2,2,3,4,3,1,0,-1,-1,1,3,2,-1,-1
OGLE-LMC-RRLYR-02118,1,1,2,0,-1,2,2,0,0,2,3,0,2,0,1
OGLE-LMC-RRLYR-02286,1,1,2,0,16,2,2,0,0,2,2,0,2,0,1
OGLE-LMC-RRLYR-02320,1,1,2,0,-1,3,1,0,0,-1,3,3,2,0,1
OGLE-LMC-RRLYR-02359,1,1,2,0,19,2,2,0,0,2,2,0,2,0,1
OGLE-LMC-RRLYR-02405,0,2,2,0,8,1,3,0,0,-1,1,1,2,2,2
OGLE-LMC-RRLYR-02455,1,1,2,0,18,2,2,0,0,2,2,0,2,0,1
OGLE-LMC-RRLYR-02594,1,1,2,0,18,3,1,0,0,2,3,0,2,0,1
OGLE-LMC-RRLYR-02692,0,2,2,3,3,3,1,0,-1,-1,1,3,2,-1,-1
OGLE-LMC-RRLYR-02747,1,1,2,0,-1,2,2,0,0,2,2,0,2,0,1
OGLE-LMC-RRLYR-02762,1,1,2,0,19,2,2,0,0,2,3,0,2,0,1
OGLE-LMC-RRLYR-02772,1,1,2,0,18,2,2,0,0,2,3,0,2,0,1
OGLE-LMC-RRLYR-02858,1,1,2,0,-1,2,2,0,0,-1,2,0,2,0,1
OGLE-LMC-RRLYR-03144,1,1,2,0,-1,1,3,0,0,2,3,1,2,0,1
OGLE-LMC-RRLYR-03161,0,2,2,3,3,3,1,0,-1,-1,1,3,2,-1,-1
OGLE-LMC-RRLYR-03171,1,1,2,0,-1,3,3,0,0,2,3,1,2,0,1
OGLE-LMC-RRLYR-03254,0,2,2,-1,-1,3,1,0,-1,-1,1,3,2,-1,-1
OGLE-LMC-RRLYR-03264,1,1,2,0,18,2,2,0,0,2,2,0,2,0,1
OGLE-LMC-RRLYR-03378,0,2,2,0,-1,3,1,0,-1,-1,3,3,2,-1,-1
OGLE-LMC-RRLYR-03440,1,1,2,2,6,3,3,0,0,3,1,1,2,2,2
OGLE-LMC-RRLYR-03500,1,1,2,0,15,2,2,0,0,2,2,0,2,0,1
OGLE-LMC-RRLYR-03567,1,1,2,0,-1,2,2,0,0,2,2,0,2,0,1
OGLE-LMC-RRLYR-03754,1,1,2,0,-1,3,3,0,0,2,3,1,2,0,1
OGLE-LMC-RRLYR-03806,0,2,2,0,-1,3,1,0,0,-1,1,3,2,2,3
OGLE-LMC-RRLYR-04028,0,2,2,3,-1,3,1,0,-1,-1,1,3,2,-1,-1
OGLE-LMC-RRLYR-04081,1,1,2,0,-1,2,2,0,0,2,3,0,2,0,1
OGLE-LMC-RRLYR-04287,1,1,2,0,17,3,1,0,0,2,3,3,2,0,1
OGLE-LMC-RRLYR-04400,1,1,2,0,15,2,2,0,0,2,2,0,2,0,1
OGLE-LMC-RRLYR-04497,1,1,2,4,5,2,2,0,0,2,2,0,2,0,1
OGLE-LMC-RRLYR-04643,0,2,2,0,-1,3,1,0,-1,-1,1,3,2,-1,-1
OGLE-LMC-RRLYR-04644,0,2,2,0,-1,3,1,0,-1,-1,1,3,2,-1,-1
OGLE-LMC-RRLYR-04822,0,2,2,0,7,3,1,0,0,-1,1,3,2,2,2
OGLE-LMC-RRLYR-05011,1,1,2,0,15,2,2,0,0,2,2,0,2,0,1
OGLE-LMC-RRLYR-05089,1,1,2,0,18,2,2,0,0,2,2,0,2,0,1
OGLE-LMC-RRLYR-05100,1,1,2,0,-1,3,1,0,-1,-1,2,3,2,-1,-1
OGLE-LMC-RRLYR-05170,0,1,2,0,-1,3,1,0,-1,-1,2,3,2,0,1
OGLE-LMC-RRLYR-05219,3,0,2,0,-1,1,3,0,0,2,1,1,2,2,2
OGLE-LMC-RRLYR-05290,1,1,2,0,-1,3,1,0,0,-1,3,3,2,0,1
OGLE-LMC-RRLYR-05448,0,2,2,0,-1,3,1,0,0,-1,3,3,2,0,1
OGLE-LMC-RRLYR-05501,0,2,2,0,-1,1,3,0,-1,-1,1,1,2,-1,-1
OGLE-LMC-RRLYR-05898,0,1,2,4,5,3,1,0,-1,-1,3,3,2,0,1
OGLE-LMC-RRLYR-05948,1,1,2,0,-1,2,2,0,0,2,2,0,2,0,1
OGLE-LMC-RRLYR-05955,0,2,2,0,8,3,1,0,-1,-1,3,3,2,-1,-1
OGLE-LMC-RRLYR-05987,0,2,2,0,-1,3,1,0,-1,-1,3,3,2,3,-1
OGLE-LMC-RRLYR-06088,1,1,2,0,-1,2,2,0,0,2,2,0,2,0,1
OGLE-LMC-RRLYR-06137,1,1,2,0,-1,2,2,0,0,2,2,0,2,0,1
OGLE-LMC-RRLYR-06141,1,1,2,0,16,2,2,0,0,2,2,0,2,0,1
OGLE-LMC-RRLYR-06285,1,1,2,2,-1,2,2,0,0,2,2,0,2,0,1
OGLE-LMC-RRLYR-06338,0,2,2,-1,-1,3,1,0,-1,-1,3,3,2,-1,1
OGLE-LMC-RRLYR-06379,1,1,2,0,18,2,2,0,0,2,2,0,2,0,1
OGLE-LMC-RRLYR-06437,1,1,2,0,-1,2,2,0,0,2,2,0,2,0,1
OGLE-LMC-RRLYR-06618,0,2,2,0,8,3,1,0,-1,-1,3,3,2,-1,-1
OGLE-LMC-RRLYR-06931,0,2,2,3,3,0,0,1,-1,-1,0,2,0,-1,0
OGLE-LMC-RRLYR-06936,1,1,2,0,18,2,2,0,0,2,2,0,2,0,1
OGLE-LMC-RRLYR-07120,1,1,2,0,15,2,2,0,0,2,2,0,2,0,1
OGLE-LMC-RRLYR-07147,0,2,2,0,-1,3,1,0,-1,-1,1,3,2,-1,-1
OGLE-LMC-RRLYR-07156,0,2,2,-1,-1,3,1,0,-1,-1,1,3,2,-1,-1
OGLE-LMC-RRLYR-07295,1,1,2,0,16,2,2,0,0,2,2,0,2,0,1
OGLE-LMC-RRLYR-07395,1,3,2,-1,-1,3,2,0,0,2,3,0,2,0,1
OGLE-LMC-RRLYR-07506,1,3,2,0,-1,3,1,0,0,2,3,3,2,0,1
OGLE-LMC-RRLYR-07747,0,1,2,0,-1,3,2,0,0,2,3,0,2,0,1
OGLE-LMC-RRLYR-07839,1,1,2,0,15,3,1,0,0,2,3,3,2,0,1
OGLE-LMC-RRLYR-07881,1,1,2,0,-1,1,3,0,0,2,3,1,2,0,1
OGLE-LMC-RRLYR-07905,0,2,2,0,13,3,1,0,-1,-1,3,3,2,-1,-1
OGLE-LMC-RRLYR-07917,1,1,2,2,6,3,1,0,0,2,2,0,2,0,1
OGLE-LMC-RRLYR-07954,1,1,2,0,18,2,2,0,0,2,2,0,2,0,1
OGLE-LMC-RRLYR-08042,0,2,2,0,-1,3,1,0,-1,-1,1,3,2,3,3
OGLE-LMC-RRLYR-08138,1,1,2,0,-1,2,2,0,0,2,2,0,2,0,1
OGLE-LMC-RRLYR-08214,1,1,2,0,-1,2,2,0,0,2,2,0,2,0,1
OGLE-LMC-RRLYR-08309,1,1,2,0,18,2,2,0,0,2,2,0,2,0,1
OGLE-LMC-RRLYR-08312,1,1,2,0,15,2,2,0,0,2,2,0,2,0,1
OGLE-LMC-RRLYR-08344,1,1,2,0,-1,3,1,0,0,-1,3,3,2,0,1
OGLE-LMC-RRLYR-08371,1,1,2,0,18,2,2,0,0,2,2,0,2,0,1
OGLE-LMC-RRLYR-08560,1,1,2,0,16,2,2,0,0,2,2,0,2,0,1
OGLE-LMC-RRLYR-08599,1,1,2,0,-1,2,2,0,0,-1,2,0,2,0,1
OGLE-LMC-RRLYR-08672,1,1,2,2,6,2,2,0,-1,-1,2,0,2,0,1
OGLE-LMC-RRLYR-08879,0,2,2,0,-1,0,0,1,-1,-1,0,2,0,-1,0
OGLE-LMC-RRLYR-08925,1,1,2,2,5,2,2,0,-1,-1,2,0,2,-1,-1
OGLE-LMC-RRLYR-09003,0,2,2,0,-1,3,1,0,-1,-1,3,3,2,-1,-1
OGLE-LMC-RRLYR-09091,0,2,2,-1,-1,0,0,1,-1,-1,0,2,0,-1,0
OGLE-LMC-RRLYR-09283,1,3,2,0,14,1,3,0,0,2,3,0,2,0,1
OGLE-LMC-RRLYR-09295,1,1,2,-1,-1,2,2,0,0,2,2,0,2,0,1
OGLE-LMC-RRLYR-09309,0,1,2,0,-1,3,1,0,0,-1,3,3,2,-1,-1
OGLE-LMC-RRLYR-09337,1,3,2,0,14,2,2,0,0,2,2,0,2,0,1
OGLE-LMC-RRLYR-09378,0,2,2,-1,-1,0,0,3,-1,-1,0,2,3,-1,-1
OGLE-LMC-RRLYR-09380,1,1,2,0,18,2,2,0,0,2,2,0,2,0,1
OGLE-LMC-RRLYR-09422,0,2,2,0,8,0,0,1,-1,-1,0,2,0,-1,0
OGLE-LMC-RRLYR-09665,1,1,2,0,-1,2,2,0,0,2,2,0,2,-1,-1
OGLE-LMC-RRLYR-09805,0,2,2,0,13,3,1,0,-1,-1,1,3,2,-1,-1
OGLE-LMC-RRLYR-09934,1,1,2,0,-1,2,2,0,0,2,2,0,2,0,1
OGLE-LMC-RRLYR-10001,1,1,2,0,-1,2,2,0,0,-1,2,0,2,0,1
OGLE-LMC-RRLYR-10223,3,0,2,0,-1,3,1,0,-1,-1,1,3,2,-1,-1
OGLE-LMC-RRLYR-10243,2,3,0,-1,1,2,2,0,0,2,2,0,2,0,1
OGLE-LMC-RRLYR-10356,3,0,3,-1,-1,3,3,0,0,3,1,1,2,2,2
OGLE-LMC-RRLYR-10464,1,1,2,0,-1,3,1,0,0,2,3,0,2,0,1
OGLE-LMC-RRLYR-10540,1,1,2,2,-1,3,1,0,0,-1,1,3,2,2,-1
OGLE-LMC-RRLYR-10602,0,2,2,-1,-1,0,0,1,-1,-1,0,2,0,-1,0
OGLE-LMC-RRLYR-10645,1,1,2,0,18,2,2,0,0,2,2,0,2,0,1
OGLE-LMC-RRLYR-10688,0,1,2,0,17,1,3,0,0,-1,1,1,2,2,2
OGLE-LMC-RRLYR-10710,0,2,2,-1,-1,1,3,0,-1,-1,1,1,2,-1,-1
OGLE-LMC-RRLYR-10748,1,3,2,0,14,2,2,0,0,2,2,0,2,0,1
OGLE-LMC-RRLYR-10800,1,3,2,0,14,2,2,0,0,2,2,0,2,0,1
OGLE-LMC-RRLYR-10871,1,1,2,0,18,2,2,0,0,-1,2,0,2,0,1
OGLE-LMC-RRLYR-10921,1,1,2,0,18,2,2,0,0,2,3,0,2,0,1
OGLE-LMC-RRLYR-11297,0,1,2,0,-1,1,3,0,0,-1,1,1,2,2,2
OGLE-LMC-RRLYR-11392,0,2,2,0,-1,3,1,0,-1,-1,1,3,2,-1,-1
OGLE-LMC-RRLYR-11486,0,2,2,3,3,0,1,3,-1,-1,0,3,3,-1,-1
OGLE-LMC-RRLYR-11593,1,1,2,2,6,3,3,0,0,2,3,1,2,0,1
OGLE-LMC-RRLYR-11720,3,0,3,-1,2,1,3,0,0,3,1,1,2,2,2
OGLE-LMC-RRLYR-11969,1,1,2,0,18,3,2,0,0,2,3,0,2,0,1
OGLE-LMC-RRLYR-12135,1,1,2,0,18,2,2,0,0,-1,2,0,2,0,1
OGLE-LMC-RRLYR-12596,0,2,2,0,-1,2,2,0,0,-1,2,0,2,0,1
OGLE-LMC-RRLYR-12850,1,1,2,4,-1,1,3,0,0,-1,1,1,2,2,2
OGLE-LMC-RRLYR-12880,1,3,2,0,14,2,2,0,0,2,2,0,2,0,1
OGLE-LMC-RRLYR-12884,1,1,2,2,6,1,3,0,0,2,3,1,2,0,1
OGLE-LMC-RRLYR-13219,1,1,2,0,16,2,2,0,0,2,2,0,2,0,1
OGLE-LMC-RRLYR-13240,1,1,2,4,5,3,1,0,-1,-1,1,3,2,-1,-1
OGLE-LMC-RRLYR-13290,3,0,3,-1,-1,1,1,0,0,-1,1,3,2,2,2
OGLE-LMC-RRLYR-13546,3,0,2,-1,-1,3,1,0,0,-1,1,3,2,-1,-1
OGLE-LMC-RRLYR-13594,1,3,2,0,-1,2,2,0,0,2,2,0,2,0,1
OGLE-LMC-RRLYR-13655,0,2,2,0,-1,1,3,0,0,3,1,1,2,2,2
OGLE-LMC-RRLYR-13689,1,1,2,0,-1,2,2,0,0,2,2,0,2,0,1
OGLE-LMC-RRLYR-13695,1,3,2,0,14,2,2,0,0,2,2,0,2,0,1
OGLE-LMC-RRLYR-13749,1,3,2,0,14,2,2,0,0,2,2,0,2,0,1
OGLE-LMC-RRLYR-13777,0,2,2,3,3,3,1,0,-1,-1,1,3,2,-1,-1
OGLE-LMC-RRLYR-13801,1,1,2,0,-1,2,2,0,0,2,2,0,2,0,1
OGLE-LMC-RRLYR-14052,1,3,2,0,14,2,2,0,0,2,2,0,2,0,1
OGLE-LMC-RRLYR-14094,1,1,2,0,-1,3,1,0,-1,-1,3,3,2,0,1
OGLE-LMC-RRLYR-14221,1,1,2,0,18,2,2,0,0,2,2,0,2,0,1
OGLE-LMC-RRLYR-14262,0,2,2,-1,-1,1,3,0,0,2,1,1,2,2,2
OGLE-LMC-RRLYR-14265,0,2,2,0,-1,3,1,0,-1,-1,3,3,2,-1,-1
OGLE-LMC-RRLYR-14278,1,1,2,2,6,3,3,0,0,2,3,1,2,0,1
OGLE-LMC-RRLYR-14562,1,1,2,0,-1,2,2,0,0,2,2,0,2,0,1
OGLE-LMC-RRLYR-14718,0,2,2,0,7,3,1,0,-1,-1,1,3,2,-1,-1
OGLE-LMC-RRLYR-14721,0,2,2,3,4,3,1,0,-1,-1,1,3,2,-1,-1
OGLE-LMC-RRLYR-14753,0,2,2,0,10,3,3,0,0,2,3,0,2,0,1
OGLE-LMC-RRLYR-14822,1,1,2,0,18,2,2,0,0,2,2,0,2,0,1
OGLE-LMC-RRLYR-14923,0,2,2,3,-1,1,3,0,-1,-1,1,1,2,2,-1
OGLE-LMC-RRLYR-15037,0,2,2,0,-1,3,1,0,-1,-1,3,3,2,-1,-1
OGLE-LMC-RRLYR-15087,1,1,2,-1,-1,3,1,0,0,3,1,1,2,2,2
OGLE-LMC-RRLYR-15121,0,2,2,-1,-1,0,0,1,-1,-1,0,2,0,-1,0
OGLE-LMC-RRLYR-15176,1,1,2,0,16,2,2,0,0,2,2,0,2,0,1
OGLE-LMC-RRLYR-15194,3,0,3,-1,-1,1,3,0,0,2,1,1,2,2,2
OGLE-LMC-RRLYR-15241,1,3,2,0,-1,2,2,0,0,2,2,0,2,0,1
OGLE-LMC-RRLYR-15277,1,3,2,0,14,2,2,0,0,2,2,0,2,0,1
OGLE-LMC-RRLYR-15387,3,0,2,0,-1,3,1,0,-1,-1,1,3,2,-1,-1
OGLE-LMC-RRLYR-15613,1,1,2,0,-1,3,2,0,0,2,3,0,2,0,1
OGLE-LMC-RRLYR-15710,0,2,2,0,8,3,1,0,0,-1,3,3,2,0,1
OGLE-LMC-RRLYR-15740,1,1,2,0,-1,2,2,0,0,2,2,0,2,0,1
OGLE-LMC-RRLYR-15748,0,2,2,3,-1,3,1,0,-1,-1,1,3,2,-1,-1
OGLE-LMC-RRLYR-15847,1,1,2,2,6,3,1,0,0,-1,3,3,2,0,1
OGLE-LMC-RRLYR-15879,1,3,2,0,14,2,2,0,0,2,2,0,2,0,1
OGLE-LMC-RRLYR-15970,0,2,2,3,-1,1,3,0,0,2,1,1,2,2,2
OGLE-LMC-RRLYR-16159,1,1,2,0,16,1,3,0,0,2,3,0,2,0,1
OGLE-LMC-RRLYR-16271,1,1,2,-1,-1,2,2,0,0,2,2,0,2,0,1
OGLE-LMC-RRLYR-16444,0,2,2,0,-1,1,3,0,0,-1,1,1,2,2,2
OGLE-LMC-RRLYR-16491,1,1,2,0,18,2,2,0,0,2,2,0,2,0,1
OGLE-LMC-RRLYR-16547,1,1,2,0,16,1,3,0,0,2,3,1,2,0,1
OGLE-LMC-RRLYR-16651,1,1,2,0,16,2,2,0,0,2,2,0,2,0,1
OGLE-LMC-RRLYR-16667,0,2,2,3,3,3,1,0,-1,-1,1,3,2,-1,-1
OGLE-LMC-RRLYR-16741,0,1,2,-1,-1,3,3,0,0,-1,1,1,2,2,2
OGLE-LMC-RRLYR-16757,0,2,2,0,12,2,2,0,-1,-1,2,0,2,-1,1
OGLE-LMC-RRLYR-16763,0,2,2,3,3,3,1,0,-1,-1,1,3,2,-1,-1
OGLE-LMC-RRLYR-16765,0,1,2,0,-1,2,2,0,0,2,3,0,2,0,1
OGLE-LMC-RRLYR-16778,0,2,2,0,-1,3,3,0,0,2,3,1,2,0,1
OGLE-LMC-RRLYR-16821,1,1,2,0,16,2,2,0,0,2,3,0,2,0,1
OGLE-LMC-RRLYR-16895,1,1,2,0,18,2,2,0,0,2,2,0,2,0,1
OGLE-LMC-RRLYR-16914,1,1,2,0,17,1,3,0,0,-1,3,1,2,0,1
OGLE-LMC-RRLYR-16971,3,0,3,-1,-1,1,3,0,-1,-1,1,1,2,-1,-1
OGLE-LMC-RRLYR-17025,1,1,2,-1,-1,2,2,0,0,2,2,0,2,0,1
OGLE-LMC-RRLYR-17118,1,1,2,0,-1,2,2,0,0,2,3,0,2,0,1
OGLE-LMC-RRLYR-17261,1,1,2,0,18,2,2,0,0,2,2,0,2,0,1
OGLE-LMC-RRLYR-17321,1,1,2,0,16,2,2,0,0,2,3,0,2,0,1
OGLE-LMC-RRLYR-17399,1,1,2,0,16,2,2,0,0,2,2,0,2,0,1
OGLE-LMC-RRLYR-17527,0,2,2,3,3,0,0,1,-1,-1,0,2,0,-1,0
OGLE-LMC-RRLYR-17542,1,1,2,4,5,2,2,0,0,2,2,0,2,0,1
OGLE-LMC-RRLYR-17585,1,3,2,0,14,2,2,0,0,2,2,0,2,0,1
OGLE-LMC-RRLYR-17744,1,1,2,0,16,2,2,0,0,2,2,0,2,0,1
OGLE-LMC-RRLYR-17846,0,2,2,0,7,2,2,0,-1,-1,2,0,2,-1,1
OGLE-LMC-RRLYR-17900,1,1,2,0,15,3,2,0,0,2,3,0,2,0,1
OGLE-LMC-RRLYR-18119,0,2,2,0,-1,2,2,0,0,-1,2,0,2,0,1
OGLE-LMC-RRLYR-18130,1,1,2,0,-1,2,2,0,0,2,2,0,2,0,1
OGLE-LMC-RRLYR-18417,1,3,2,0,14,2,2,0,0,-1,2,0,2,0,1
OGLE-LMC-RRLYR-18428,1,1,2,0,-1,2,2,0,0,2,3,0,2,0,1
OGLE-LMC-RRLYR-18525,1,1,2,0,16,2,2,0,0,2,3,0,2,0,1
OGLE-LMC-RRLYR-18648,1,1,2,0,16,2,2,0,0,2,2,0,2,0,1
OGLE-LMC-RRLYR-18675,1,1,2,0,-1,2,2,0,0,2,2,0,2,0,1
OGLE-LMC-RRLYR-18678,3,0,2,0,7,3,1,0,0,2,1,1,2,-1,-1
OGLE-LMC-RRLYR-18746,1,1,2,0,-1,2,2,0,0,2,2,0,2,0,1
OGLE-LMC-RRLYR-18840,1,1,2,2,6,2,2,0,0,2,2,0,2,0,1
OGLE-LMC-RRLYR-18869,1,1,2,0,16,2,2,0,0,2,2,0,2,0,1
OGLE-LMC-RRLYR-18945,3,2,2,-1,-1,3,1,0,0,-1,1,3,2,-1,3
OGLE-LMC-RRLYR-19035,1,1,2,0,-1,2,2,0,0,2,2,0,2,0,1
OGLE-LMC-RRLYR-19253,1,1,2,0,-1,3,1,0,0,2,3,0,2,0,1
OGLE-LMC-RRLYR-19256,0,2,2,-1,-1,1,3,0,0,-1,1,1,2,2,2
OGLE-LMC-RRLYR-19295,1,1,2,0,15,2,2,0,0,2,2,0,2,0,1
OGLE-LMC-RRLYR-19590,1,1,2,0,18,2,2,0,0,-1,2,0,2,0,1
OGLE-LMC-RRLYR-19774,1,1,2,0,-1,2,2,0,0,-1,2,0,2,0,1
OGLE-LMC-RRLYR-19780,1,3,2,-1,-1,3,1,0,-1,-1,2,3,2,-1,-1
OGLE-LMC-RRLYR-19783,1,1,2,0,-1,2,2,0,0,-1,2,0,2,0,1
OGLE-LMC-RRLYR-19811,1,1,2,0,-1,2,2,0,0,2,3,0,2,0,1
OGLE-LMC-RRLYR-19864,1,1,2,0,-1,2,2,0,0,2,2,0,2,0,1
OGLE-LMC-RRLYR-19924,0,2,2,0,-1,3,1,0,-1,-1,1,3,2,-1,-1
OGLE-LMC-RRLYR-19940,1,1,2,0,15,2,2,0,0,2,2,0,2,0,1
OGLE-LMC-RRLYR-20006,1,1,2,0,-1,2,2,0,0,2,3,0,2,0,1
OGLE-LMC-RRLYR-20170,1,1,2,0,16,3,2,0,0,2,3,0,2,0,1
OGLE-LMC-RRLYR-20190,1,1,2,0,-1,2,2,0,0,2,2,0,2,0,1
OGLE-LMC-RRLYR-20205,0,2,2,0,-1,3,1,0,0,-1,2,3,2,0,1
OGLE-LMC-RRLYR-20232,0,2,2,0,-1,1,3,0,0,-1,1,1,2,2,2
OGLE-LMC-RRLYR-20346,1,1,2,0,-1,3,1,0,-1,-1,3,3,2,-1,-1
OGLE-LMC-RRLYR-20454,1,1,2,0,-1,3,1,0,-1,-1,2,3,2,-1,1
OGLE-LMC-RRLYR-20456,1,1,2,0,19,2,2,0,0,2,2,0,2,0,1
OGLE-LMC-RRLYR-20799,1,1,2,0,-1,2,2,0,0,2,2,0,2,0,1
OGLE-LMC-RRLYR-21074,1,1,2,0,18,2,2,0,0,2,3,0,2,0,1
OGLE-LMC-RRLYR-21078,0,1,2,0,-1,2,2,0,-1,-1,2,0,2,0,1
OGLE-LMC-RRLYR-21146,1,1,2,0,-1,2,2,0,0,2,2,0,2,0,1
OGLE-LMC-RRLYR-21270,0,2,2,0,-1,3,1,0,-1,-1,1,3,2,-1,-1
OGLE-LMC-RRLYR-21309,0,2,2,0,8,3,1,0,-1,-1,1,3,2,-1,-1
OGLE-LMC-RRLYR-21343,1,1,2,0,-1,3,1,0,-1,-1,2,3,2,0,1
OGLE-LMC-RRLYR-21359,0,1,2,0,-1,3,1,0,0,2,3,0,2,0,1
OGLE-LMC-RRLYR-21557,0,2,2,3,4,3,1,0,-1,-1,1,3,2,-1,3
OGLE-LMC-RRLYR-21963,0,1,2,0,-1,2,2,0,0,-1,2,0,2,0,1
OGLE-LMC-RRLYR-22016,1,1,2,2,6,3,1,0,0,2,3,3,2,0,1
OGLE-LMC-RRLYR-22227,1,1,2,0,17,3,1,0,-1,-1,3,3,2,3,-1
OGLE-LMC-RRLYR-22277,0,2,2,0,-1,3,1,0,-1,-1,3,3,2,-1,1
OGLE-LMC-RRLYR-22323,0,2,2,3,3,3,1,0,-1,-1,1,3,2,-1,-1
OGLE-LMC-RRLYR-22365,0,2,2,3,3,3,1,0,-1,-1,1,3,2,-1,-1
OGLE-LMC-RRLYR-22423,0,1,2,0,-1,1,3,0,0,-1,3,1,2,0,1
OGLE-LMC-RRLYR-22493,0,1,2,0,-1,2,1,0,-1,-1,2,0,2,-1,1
OGLE-LMC-RRLYR-22506,1,1,2,2,6,1,3,0,0,2,3,1,2,0,1
OGLE-LMC-RRLYR-22576,0,2,2,3,4,3,1,0,-1,-1,3,3,2,-1,-1
OGLE-LMC-RRLYR-22619,0,2,2,0,12,1,3,0,0,-1,1,1,2,2,-1
OGLE-LMC-RRLYR-22643,1,1,2,0,-1,3,2,0,0,2,3,0,2,0,1
OGLE-LMC-RRLYR-22688,1,1,2,0,-1,2,2,0,0,2,2,0,2,0,1
OGLE-LMC-RRLYR-22699,1,1,2,0,-1,1,3,0,0,2,3,1,2,0,1
OGLE-LMC-RRLYR-22713,0,2,2,0,-1,3,1,0,0,2,3,3,2,0,1
OGLE-LMC-RRLYR-22753,0,2,2,3,3,3,1,0,-1,-1,1,3,2,-1,-1
OGLE-LMC-RRLYR-22839,0,2,2,0,13,1,3,0,-1,-1,1,1,2,-1,-1
OGLE-LMC-RRLYR-22879,1,1,2,0,18,2,2,0,0,2,2,0,2,0,1
OGLE-LMC-RRLYR-22907,1,1,2,0,15,2,2,0,0,2,2,0,2,0,1
OGLE-LMC-RRLYR-23174,1,1,2,0,-1,2,2,0,0,-1,2,0,2,0,1
OGLE-LMC-RRLYR-23231,1,1,2,0,-1,2,2,0,0,2,3,0,2,0,1
OGLE-LMC-RRLYR-23373,1,1,2,0,18,2,2,0,0,2,2,0,2,0,1
OGLE-LMC-RRLYR-23438,1,1,2,0,18,2,2,0,0,2,2,0,2,0,1
OGLE-LMC-RRLYR-23462,1,1,2,0,17,1,3,0,0,2,1,1,2,2,2
OGLE-LMC-RRLYR-23516,1,1,2,0,-1,2,2,0,0,2,2,0,2,0,1
OGLE-LMC-RRLYR-23704,1,1,2,0,18,3,1,0,-1,-1,3,3,2,-1,1
OGLE-LMC-RRLYR-23893,0,2,2,0,12,1,3,0,0,-1,1,1,2,2,2
OGLE-LMC-RRLYR-24021,1,1,2,0,-1,1,3,0,0,2,3,0,2,0,1
OGLE-LMC-RRLYR-24050,0,2,2,0,7,3,1,0,-1,-1,1,3,2,-1,-1
OGLE-LMC-RRLYR-24083,1,1,2,0,-1,2,2,0,0,2,3,0,2,0,1
OGLE-LMC-RRLYR-24123,0,2,2,0,13,3,1,0,0,-1,1,3,2,-1,-1
OGLE-LMC-RRLYR-24564,0,1,2,0,-1,3,1,0,0,-1,3,3,2,0,1
OGLE-LMC-RRLYR-24651,0,2,2,0,-1,2,2,0,0,-1,2,0,2,0,1
OGLE-LMC-RRLYR-24725,0,2,2,3,4,3,1,0,-1,-1,1,3,2,-1,-1
OGLE-LMC-RRLYR-24727,0,1,2,0,-1,1,3,0,-1,-1,3,1,2,-1,1
OGLE-LMC-RRLYR-24770,1,1,2,0,19,2,2,0,0,2,2,0,2,0,1
OGLE-LMC-RRLYR-24817,1,1,2,0,19,2,2,0,0,2,2,0,2,0,1
OGLE-LMC-RRLYR-24866,0,2,2,0,12,1,3,0,0,-1,1,1,2,2,2
OGLE-SMC-RRLYR-0145,1,1,2,0,-1,3,1,0,-1,-1,3,3,2,-1,1
OGLE-SMC-RRLYR-0210,1,1,2,0,-1,3,1,0,0,2,3,0,2,0,1
OGLE-SMC-RRLYR-0235,1,1,2,0,-1,2,2,0,0,2,2,0,2,0,1
OGLE-SMC-RRLYR-0499,1,1,2,2,6,2,2,0,0,2,2,0,2,0,1
OGLE-SMC-RRLYR-0577,1,1,2,4,5,2,2,0,0,2,2,0,2,0,1
OGLE-SMC-RRLYR-0792,1,1,2,4,5,3,1,0,0,-1,3,3,2,0,1
OGLE-SMC-RRLYR-0904,1,3,2,0,14,2,2,0,0,2,3,0,2,0,1
OGLE-SMC-RRLYR-0939,1,1,2,0,-1,3,1,0,-1,-1,3,3,2,0,1
OGLE-SMC-RRLYR-0945,0,2,2,0,12,3,1,0,-1,-1,1,3,2,3,3
OGLE-SMC-RRLYR-1131,0,2,2,0,-1,3,1,0,-1,-1,1,3,2,-1,-1
OGLE-SMC-RRLYR-1220,1,1,2,0,16,3,1,0,0,2,3,3,2,0,1
OGLE-SMC-RRLYR-1274,1,1,2,-1,-1,3,1,0,0,2,3,3,2,0,1
OGLE-SMC-RRLYR-1433,1,1,2,0,-1,3,2,0,0,-1,3,0,2,0,1
OGLE-SMC-RRLYR-1461,1,1,2,4,5,3,1,0,-1,-1,3,3,2,-1,1
OGLE-SMC-RRLYR-1491,0,2,2,0,-1,3,1,0,0,-1,3,3,2,0,1
OGLE-SMC-RRLYR-1506,1,1,2,0,15,2,2,0,0,2,2,0,2,0,1
OGLE-SMC-RRLYR-1514,1,1,2,2,-1,3,1,0,-1,-1,3,3,2,-1,1
OGLE-SMC-RRLYR-1540,1,1,2,0,-1,3,1,0,-1,-1,3,3,2,-1,-1
OGLE-SMC-RRLYR-1570,0,2,2,0,12,3,1,0,-1,-1,1,3,2,-1,-1
OGLE-SMC-RRLYR-1606,1,3,2,0,14,2,2,0,0,2,2,0,2,0,1
OGLE-SMC-RRLYR-1733,1,1,2,4,5,3,1,0,-1,-1,3,3,2,-1,1
OGLE-SMC-RRLYR-1737,1,1,2,0,16,2,2,0,0,-1,2,0,2,0,1
OGLE-SMC-RRLYR-1791,1,1,2,4,5,3,1,0,0,-1,3,3,2,-1,-1
OGLE-SMC-RRLYR-1848,1,1,2,2,-1,2,2,0,0,2,3,0,2,0,1
OGLE-SMC-RRLYR-1898,1,1,2,0,16,3,1,0,-1,-1,2,0,2,-1,1
OGLE-SMC-RRLYR-1945,0,2,2,-1,-1,3,1,0,-1,-1,1,3,2,3,3
OGLE-SMC-RRLYR-1958,1,1,2,0,15,2,2,0,0,2,2,0,2,0,1
OGLE-SMC-RRLYR-2169,1,1,2,0,16,3,2,0,0,2,3,0,2,0,1
OGLE-SMC-RRLYR-2190,1,1,2,0,15,2,2,0,0,2,2,0,2,0,1
OGLE-SMC-RRLYR-2413,1,1,2,4,5,2,2,0,0,2,2,0,2,0,1
