object_id,region,catalog_type,catalog_period,catalog_epoch,catalog_secondary_period,period_mode,sha256,file,bytes,n_observations,baseline_days,has_errors
OGLE-BLG-RRLYR-00302,BLG,RRab,0.47712911,5000.06987,,fundamental,48d2e16f9b6d2164a396d404fac77c7dd57da4abd28c32b697af43cfa6a49abb,photometry/OGLE-BLG-RRLYR-00302.dat,3168,132,932.1593400000002,True
OGLE-BLG-RRLYR-00316,BLG,RRc,0.43373005,5000.08008,,first overtone,313ee5a9cff3342adebe935175815756d6801b2d54d15b39593631eef4cb7dc4,photometry/OGLE-BLG-RRLYR-00316.dat,3144,131,932.1593400000002,True
OGLE-BLG-RRLYR-00318,BLG,RRab,0.47361705,5000.04109,,fundamental,7c328d3ba0a6d446252a6ea50a73a874d079ded5792dd09bf6e0ec51630a2e1b,photometry/OGLE-BLG-RRLYR-00318.dat,3072,128,932.1593400000002,True
OGLE-BLG-RRLYR-00532,BLG,RRab,0.57804968,5000.54801,,fundamental,95dfcbe88099ea09acd93ec01e4c03c82b5d42461dfb21af7373ba868b706149,photometry/OGLE-BLG-RRLYR-00532.dat,2472,103,931.35452,True
OGLE-BLG-RRLYR-00660,BLG,RRab,0.68781512,5000.15767,,fundamental,af51e0fbab312f04abaf1aee5095e608aeb077eb1bec2a622f72a458a6c30901,photometry/OGLE-BLG-RRLYR-00660.dat,2592,108,929.32769,True
OGLE-BLG-RRLYR-00873,BLG,RRab,0.56903422,5000.36504,,fundamental,44e8ce468f30c160974739e3cfa124e2b70e29fb7f3596c615382f7352fab819,photometry/OGLE-BLG-RRLYR-00873.dat,2664,111,1062.2091,True
OGLE-BLG-RRLYR-00905,BLG,RRab,0.47800717,5000.39845,,fundamental,9aa46b6fb464640eba6028217505e3b68f909d4d74a8b4751d372c1a052e6ca1,photometry/OGLE-BLG-RRLYR-00905.dat,2568,107,930.30166,True
OGLE-BLG-RRLYR-01002,BLG,RRab,0.54882496,5000.01381,,fundamental,01790a25e71bd52de3ba88755f7f409246c6ecb92e9bd0efdaff70d0bc2f1f2d,photometry/OGLE-BLG-RRLYR-01002.dat,17616,734,3228.04648,True
OGLE-BLG-RRLYR-01004,BLG,RRab,0.542952,5000.10546,,fundamental,16b7d493039c5e980c87b03a42215489ba5585bd78755e91cf43ff0a74abc62c,photometry/OGLE-BLG-RRLYR-01004.dat,9120,380,1276.70684,True
OGLE-BLG-RRLYR-01094,BLG,RRab,0.63333859,5000.32813,,fundamental,2c6e88b747e57a363594d577a7adef109c0f6d5d8b61c63295d5879602464f10,photometry/OGLE-BLG-RRLYR-01094.dat,7344,306,1655.39088,True
OGLE-BLG-RRLYR-01095,BLG,RRab,0.57632803,5000.22102,,fundamental,f5ec224371cbbad2806e38d691142548a63311a5e6b9af94676dfa8691d206bc,photometry/OGLE-BLG-RRLYR-01095.dat,17664,736,3228.04448,True
OGLE-BLG-RRLYR-01135,BLG,RRab,0.54582544,5000.3691,,fundamental,6342af5fc7f640715b4aff78bbf0c820a16e85197c2b78523e7aa934a991bf7e,photometry/OGLE-BLG-RRLYR-01135.dat,7272,303,1655.39088,True
OGLE-BLG-RRLYR-01145,BLG,RRab,0.45844938,5000.41771,,fundamental,e309bbd07fd327f992190d983cb2d20e36277d83d68c8dad4c04067e9bd3505f,photometry/OGLE-BLG-RRLYR-01145.dat,8568,357,1655.28735,True
OGLE-BLG-RRLYR-01212,BLG,RRab,0.5084934,5000.29089,,fundamental,ba3d60db2aae5b6727261f8146094e01d9d8c0a26c9df8aba98ab86b6ca06951,photometry/OGLE-BLG-RRLYR-01212.dat,2712,113,930.3015,True
OGLE-BLG-RRLYR-01285,BLG,RRab,0.50323659,5000.40713,,fundamental,0087a141f6563199bd0b1e7395260077256af44c6c824bd7a6ff09c9c36a003a,photometry/OGLE-BLG-RRLYR-01285.dat,4368,182,1655.34013,True
OGLE-BLG-RRLYR-01348,BLG,RRab,0.52691915,5000.32564,,fundamental,2c589c529026fd23b6dd6dd6f91e80e1757ebfe550eb0db52700a913a9959f28,photometry/OGLE-BLG-RRLYR-01348.dat,2784,116,930.30138,True
OGLE-BLG-RRLYR-01367,BLG,RRab,0.44924358,5000.06231,,fundamental,ded88721a16caa9cb250abaf322af615ff6e609f6ab999eca102da09af7337fc,photometry/OGLE-BLG-RRLYR-01367.dat,2472,103,1010.2435699999996,True
OGLE-BLG-RRLYR-01471,BLG,RRab,0.89922168,5000.17822,,fundamental,0fe44795e70bae1e64e26c562f9e6344cbb00c7dafaef4517e877575eb258d68,photometry/OGLE-BLG-RRLYR-01471.dat,2544,106,1010.2435699999996,True
OGLE-BLG-RRLYR-01632,BLG,RRab,0.49437943,5000.00568,,fundamental,7c27a9b9edef6ac61be5ef8e21efa773bdef41abd1e4db06a1d4f16d9fff7595,photometry/OGLE-BLG-RRLYR-01632.dat,2448,102,930.3804699999996,True
OGLE-BLG-RRLYR-01653,BLG,RRab,0.53004804,5000.27516,,fundamental,76186cb69b832112c9b40a34e2f46ebf7ce619657634ad2cbf608d4c3291b170,photometry/OGLE-BLG-RRLYR-01653.dat,2688,112,930.30127,True
OGLE-BLG-RRLYR-01791,BLG,RRab,0.56709633,5000.47278,,fundamental,545d24d95b9bf462c3cd9040361e0c0b9360b07c5aadd82fe14cde07188b768a,photometry/OGLE-BLG-RRLYR-01791.dat,20688,862,2839.0438900000004,True
OGLE-BLG-RRLYR-01792,BLG,RRab,0.6606794,5000.31013,,fundamental,7a2653b0d0399063f13be673f9846a9668bc937d53e73cf5ba0187d0a4b31fc6,photometry/OGLE-BLG-RRLYR-01792.dat,7512,313,1655.3376999999996,True
OGLE-BLG-RRLYR-01857,BLG,RRab,0.44814775,5000.00677,,fundamental,54e22fa8d8f48defbebc823eefa43eff51bcf3798112a2a701dd47da788da76d,photometry/OGLE-BLG-RRLYR-01857.dat,4680,195,930.38351,True
OGLE-BLG-RRLYR-01949,BLG,RRab,0.65455503,5000.51463,,fundamental,8fa885f91d012f504e265948ea9b0b9627d6ff52781475c488d9d13b069767d4,photometry/OGLE-BLG-RRLYR-01949.dat,20736,864,2839.0438900000004,True
OGLE-BLG-RRLYR-01951,BLG,RRab,0.41036685,5000.12221,,fundamental,3648966e6f0e928850cfe16947b05d73781f28c8852f697c57e864c920fec1fc,photometry/OGLE-BLG-RRLYR-01951.dat,21432,893,2827.02244,True
OGLE-BLG-RRLYR-02113,BLG,RRab,0.59695261,5000.4639,,fundamental,63aff2d433c16a918b8540884db79be456f594a7134dc884dc20fe79ead1c6b4,photometry/OGLE-BLG-RRLYR-02113.dat,7512,313,1655.3376999999996,True
OGLE-BLG-RRLYR-02158,BLG,RRab,0.56961703,5000.33109,,fundamental,2bdee3c4bfef0a097e1e9e5f3e3aebb75e1060d3ede187542fa6ef1cdaf8ae03,photometry/OGLE-BLG-RRLYR-02158.dat,2592,108,930.3401599999996,True
OGLE-BLG-RRLYR-02309,BLG,RRc,0.32749603,5000.10379,,first overtone,748dda8e2871466ae500471b677e5b9f7bb3655dca16dca19207da5d26539bcd,photometry/OGLE-BLG-RRLYR-02309.dat,9792,408,1655.3082799999995,True
OGLE-BLG-RRLYR-02354,BLG,RRab,0.54325067,5000.00204,,fundamental,eb40e1f6bb3e06ce96f202c45e0c88ceb6dfd279cb6c04ff3aa7b1260566194f,photometry/OGLE-BLG-RRLYR-02354.dat,3072,128,2799.03226,True
OGLE-BLG-RRLYR-02435,BLG,RRab,0.615266,5000.03138,,fundamental,c1bcf6af97a9a999a033ad4fcb2aa0fabfd98b7d44abb7f341d26ac0554fb2fb,photometry/OGLE-BLG-RRLYR-02435.dat,9792,408,1655.3082799999995,True
OGLE-BLG-RRLYR-02518,BLG,RRab,0.47014221,5000.05328,,fundamental,b9d8fae606ea48ad5afda810f13e5e9963165490586a7c432fb57c116991b70d,photometry/OGLE-BLG-RRLYR-02518.dat,10728,447,4360.00995,True
OGLE-BLG-RRLYR-02541,BLG,RRab,0.52836468,5000.24199,,fundamental,5badaf199ae04c9705e15932d2c99683e782e44e116e0694dd8ef6dd65e9ed70,photometry/OGLE-BLG-RRLYR-02541.dat,19128,797,2827.02729,True
OGLE-BLG-RRLYR-02656,BLG,RRab,0.57344005,5000.29259,,fundamental,9251734f90926f3eb2cfb92acf9bc36c9e6a7fb64bfaf3b86be3daa603d2588c,photometry/OGLE-BLG-RRLYR-02656.dat,19176,799,2827.02729,True
OGLE-BLG-RRLYR-02801,BLG,RRc,0.38101343,5000.16645,,first overtone,8cba4817e676de08453a184ce85cae86efa4c7b63a62f2a79cc58f516955a255,photometry/OGLE-BLG-RRLYR-02801.dat,19416,809,2838.9268,True
OGLE-BLG-RRLYR-02834,BLG,RRab,0.63587934,5000.16392,,fundamental,8d658b9cf8af8ca0f9ee4aa04f7b7f036bde17d38a750921f1462bc026314fb3,photometry/OGLE-BLG-RRLYR-02834.dat,19416,809,2838.9268,True
OGLE-BLG-RRLYR-02968,BLG,RRab,0.60686712,5000.01098,,fundamental,526dc3740a7a3dc2cfcf794bca5e05b58f5654002598cbc81281f59816550fc1,photometry/OGLE-BLG-RRLYR-02968.dat,13584,566,3248.02372,True
OGLE-BLG-RRLYR-03004,BLG,RRc,0.25374769,5000.21047,,first overtone,56e3ed0f3e5e57a63f49a78510de60db9fb58945b2d9cc0170438b65e1640196,photometry/OGLE-BLG-RRLYR-03004.dat,14232,593,3248.02306,True
OGLE-BLG-RRLYR-03241,BLG,RRab,0.53164276,5000.33537,,fundamental,53a05d1f75dfe155fcb88855805195dc703e12916c11596583e2902631692f07,photometry/OGLE-BLG-RRLYR-03241.dat,36672,1528,4402.92357,True
OGLE-BLG-RRLYR-03409,BLG,RRab,0.55282178,5000.18498,,fundamental,acb9f1c84da82b92bf97f3406a3b1c8eb1f5f0ab5f93f8b201d1ce0d1f037b4e,photometry/OGLE-BLG-RRLYR-03409.dat,8136,339,1275.79813,True
OGLE-BLG-RRLYR-03444,BLG,RRab,0.48805462,5000.22132,,fundamental,cae898c979c7498c6c3d7bd36800a05bd37c3a9c3ead1585a47fadea4ef37c68,photometry/OGLE-BLG-RRLYR-03444.dat,8232,343,1275.79822,True
OGLE-BLG-RRLYR-03531,BLG,RRab,0.43058549,5000.1571,,fundamental,9707c47164c8efe0e7a36129956dfdee9551e9748524f35c8edb4df416d43a55,photometry/OGLE-BLG-RRLYR-03531.dat,32952,1373,2829.21247,True
OGLE-BLG-RRLYR-03543,BLG,RRc,0.26801202,5000.08845,,first overtone,057621db57630462770a2b83cb23d424a9a90b744e5d7b62d03482fbb9b9fec7,photometry/OGLE-BLG-RRLYR-03543.dat,5856,244,2799.0532099999996,True
OGLE-BLG-RRLYR-03734,BLG,RRab,0.66355401,5000.59164,,fundamental,d389536291bea9cd0bdddedd7d2277c0e08d01ea3b9264368278c2d8fbfd5d4d,photometry/OGLE-BLG-RRLYR-03734.dat,66288,2762,4402.94318,True
OGLE-BLG-RRLYR-04045,BLG,RRc,0.25034876,5000.10579,,first overtone,f3ca9c0586f09eb77ac5f000f98e46b1d65144c9ea3788c32c0d3aef104640db,photometry/OGLE-BLG-RRLYR-04045.dat,22488,937,2839.91646,True
OGLE-BLG-RRLYR-04049,BLG,RRab,0.49412708,5000.09917,,fundamental,87b69e8b0474a01ae82a88d696d21deccdea9e01da7c0e4ab0265e622f89c332,photometry/OGLE-BLG-RRLYR-04049.dat,960,40,2783.21713,True
OGLE-BLG-RRLYR-04058,BLG,RRab,0.49802339,5000.00361,,fundamental,e89a3a47292d570b74c624ce1622c2e8aa72ed92e4ac878701848bc517ee175a,photometry/OGLE-BLG-RRLYR-04058.dat,19104,796,2837.96271,True
OGLE-BLG-RRLYR-04201,BLG,RRab,0.45871922,5000.35304,,fundamental,4b7e7f138fa0d47629bd162f8cada486ba2380ba310c3d781584d3f6baa4f875,photometry/OGLE-BLG-RRLYR-04201.dat,66528,2772,4403.84548,True
OGLE-BLG-RRLYR-04202,BLG,RRab,0.63333868,5000.44572,,fundamental,2f952c7af2e633bd4b048c0425c5faac93e3d00a10bc38ebe04dd44bd6b3540d,photometry/OGLE-BLG-RRLYR-04202.dat,33960,1415,2829.21247,True
OGLE-BLG-RRLYR-04214,BLG,RRab,0.55615019,5000.17449,,fundamental,d00fb728e4d743b15049af9d493f0e502f3e2e5757a2a3d6ce2efbb87dc17087,photometry/OGLE-BLG-RRLYR-04214.dat,64440,2685,4402.94338,True
OGLE-BLG-RRLYR-04229,BLG,RRab,0.59557444,5000.32852,,fundamental,18e47553468846687f634248049c2962b90d2429f6839f6852f27182e0850723,photometry/OGLE-BLG-RRLYR-04229.dat,66528,2772,4403.00673,True
OGLE-BLG-RRLYR-04268,BLG,RRab,0.44326269,5000.27586,,fundamental,caf5a16dcf56835929eef2e23c9de19e8b8c91f82366084a5557865d5c5a67da,photometry/OGLE-BLG-RRLYR-04268.dat,14784,616,2820.15731,True
OGLE-BLG-RRLYR-04287,BLG,RRab,0.47656072,5000.12947,,fundamental,78e8e0af88cec4fccab66f2fd8fc29544a598eab8fa4a4efdfa7c15625427c71,photometry/OGLE-BLG-RRLYR-04287.dat,3336,139,1083.0006899999998,True
OGLE-BLG-RRLYR-04412,BLG,RRab,0.52989532,5000.30237,,fundamental,5a2c903faa104a48c6fde4e2956e321e966ab9fe15172ed340d9875a552ba128,photometry/OGLE-BLG-RRLYR-04412.dat,57000,2375,2883.15922,True
OGLE-BLG-RRLYR-04470,BLG,RRab,0.60011455,5000.0867,,fundamental,a166dc5dbc249cea22bebd470660fb4c0fa290751eaa28d6f55b058c18752883,photometry/OGLE-BLG-RRLYR-04470.dat,28608,1192,2830.11062,True
OGLE-BLG-RRLYR-04493,BLG,RRab,0.59572281,5000.25386,,fundamental,856e2485f9a958cdef36e6ac6fbc7157fee1b81ed297706fea4308db7077531c,photometry/OGLE-BLG-RRLYR-04493.dat,56784,2366,2883.15922,True
OGLE-BLG-RRLYR-04597,BLG,RRab,0.42845183,5000.27471,,fundamental,c9554f93befbb5f8a40570108c55900b905c114591365ca3c440e7588faf4885,photometry/OGLE-BLG-RRLYR-04597.dat,56208,2342,2883.15922,True
OGLE-BLG-RRLYR-04631,BLG,RRc,0.23225126,5000.05398,,first overtone,0895b2593c301e512967904b1319244498bffb16f26867a183fad3eef54a3e72,photometry/OGLE-BLG-RRLYR-04631.dat,57024,2376,2883.15922,True
OGLE-BLG-RRLYR-04650,BLG,RRab,0.56774567,5000.23792,,fundamental,fc9a09636df9d826730d291145d80d627cf3f5e75fdc3ceece974731eb978cc0,photometry/OGLE-BLG-RRLYR-04650.dat,57240,2385,2883.15922,True
OGLE-BLG-RRLYR-04665,BLG,RRab,0.5907945,5000.15784,,fundamental,1960a8c1ebbf093f5701081d7eeee3cef93e5cef4f942c6f593537b25f04c3a3,photometry/OGLE-BLG-RRLYR-04665.dat,2928,122,2787.2051300000003,True
OGLE-BLG-RRLYR-04758,BLG,RRc,0.29716007,5000.24627,,first overtone,c022511da74c0f181752be01938e7f02effb4aca5267bc711b4c89af1acde19b,photometry/OGLE-BLG-RRLYR-04758.dat,18312,763,2836.00815,True
OGLE-BLG-RRLYR-04836,BLG,RRc,0.31307123,5000.2,,first overtone,b1ca10549ce134c586648528ce1455008055a3397b3e5b62eaf08fadd7e9b73f,photometry/OGLE-BLG-RRLYR-04836.dat,34848,1452,2830.11805,True
OGLE-BLG-RRLYR-04878,BLG,RRab,0.59413597,5000.40502,,fundamental,a1c08038e5627424743437e5f3300a939dab1ab6026b4df1b94999420741b64c,photometry/OGLE-BLG-RRLYR-04878.dat,7536,314,1663.1070000000004,True
OGLE-BLG-RRLYR-04940,BLG,RRab,0.46635392,5000.01441,,fundamental,1e7e7ea935b5299456766f908618bbd8212b3811f61bc10c670ce43d036c6f1f,photometry/OGLE-BLG-RRLYR-04940.dat,57120,2380,2883.15922,True
OGLE-BLG-RRLYR-05097,BLG,RRab,0.40541822,5000.35278,,fundamental,9b61f6c8ae015c7b59ee1ebd251e2bf41ab94c631a0d7c935f6fac19e94721cf,photometry/OGLE-BLG-RRLYR-05097.dat,14928,622,2827.01906,True
OGLE-BLG-RRLYR-05127,BLG,RRab,0.49842286,5000.18551,,fundamental,e007bdc4ee4bacd1d5abb0f54b4f3321ddc3e6a297da5cecb3cfc28bc1b7d20e,photometry/OGLE-BLG-RRLYR-05127.dat,4968,207,2796.0892499999995,True
OGLE-BLG-RRLYR-05149,BLG,RRab,0.64623463,5000.56832,,fundamental,2e4ff2dd32a1a9578211bdc088ff9a16b35abfa4279bca526d3f7090fab64fd3,photometry/OGLE-BLG-RRLYR-05149.dat,63216,2634,4395.09292,True
OGLE-BLG-RRLYR-05189,BLG,RRab,0.50801986,5000.00531,,fundamental,e84f9aa51f9fcc2a05fb1f0ee37df77f132d154f7bc65f3fabe4c1ddb7f31f95,photometry/OGLE-BLG-RRLYR-05189.dat,34896,1454,2830.11805,True
OGLE-BLG-RRLYR-05679,BLG,RRc,0.30649479,5000.26513,,first overtone,57a3db04c2c9efd7146f1c86e2414576c4d413af443f2bf67ec3cec07273beb0,photometry/OGLE-BLG-RRLYR-05679.dat,14808,617,2827.0186200000003,True
OGLE-BLG-RRLYR-05811,BLG,RRab,0.54894354,5000.10622,,fundamental,daa20f2eb0a431dfe0c56c32a48a2929b8e50bc462e08cf4d841f38c7137afe6,photometry/OGLE-BLG-RRLYR-05811.dat,32304,1346,2830.15799,True
OGLE-BLG-RRLYR-05867,BLG,RRab,0.45466166,5000.34671,,fundamental,134c704d9e63ef1a307118f80c2c896853b0ddd1018b3a79d59be685cdb2c255,photometry/OGLE-BLG-RRLYR-05867.dat,14688,612,2827.0186200000003,True
OGLE-BLG-RRLYR-05959,BLG,RRab,0.48689775,5000.0179,,fundamental,eda6b1777f68303a5944f65f25e9875090491046926a44cb5eb3ca1c698baa84,photometry/OGLE-BLG-RRLYR-05959.dat,12696,529,1330.66016,True
OGLE-BLG-RRLYR-06026,BLG,RRab,0.52270024,5000.24318,,fundamental,385634b08c01f9d96472e47142d1e57aa41b35b97a9ff2435dac20aab701d7a1,photometry/OGLE-BLG-RRLYR-06026.dat,34896,1454,2830.11805,True
OGLE-BLG-RRLYR-06063,BLG,RRab,0.61831179,5000.25729,,fundamental,b1cfaaff139945e93ad2963992a336ab5f2c887720593d1f86e22caeeed050ae,photometry/OGLE-BLG-RRLYR-06063.dat,70080,2920,4424.91593,True
OGLE-BLG-RRLYR-06174,BLG,RRc,0.22406612,5000.06319,,first overtone,e9657fe0165e8478bc2ad7970938a47adc7656ba9b873fc65afdba8f5d1e2d9f,photometry/OGLE-BLG-RRLYR-06174.dat,11496,479,1778.0568200000002,True
OGLE-BLG-RRLYR-06189,BLG,RRc,0.26068932,5000.01634,,first overtone,7eefe68277ed65fce346464786d7b1f8974010e014f3defa567f97213d7cd69e,photometry/OGLE-BLG-RRLYR-06189.dat,32256,1344,2830.15799,True
OGLE-BLG-RRLYR-06242,BLG,RRab,0.64206247,5000.52577,,fundamental,84e27568307781d75c232376f2d8912603390463bc7b1c23338883d970ccd05b,photometry/OGLE-BLG-RRLYR-06242.dat,2976,124,993.1094899999998,True
OGLE-BLG-RRLYR-06311,BLG,RRc,0.33949341,5000.28598,,first overtone,5834384e23c3efcdd4b37eecabf639b909601eb6a8d8ce8e613b495f477e01d5,photometry/OGLE-BLG-RRLYR-06311.dat,34920,1455,2830.11805,True
OGLE-BLG-RRLYR-06502,BLG,RRab,0.57541434,5000.45335,,fundamental,be29d5e056ccfe5183b3a0045e7345e959ba005c6cb407b79b1dabf39de343df,photometry/OGLE-BLG-RRLYR-06502.dat,22200,925,2830.21643,True
OGLE-BLG-RRLYR-06648,BLG,RRab,0.51820701,5000.08922,,fundamental,7d9b8878a9ffb7af97ec6c53759e3c6de2c03d9578e5bbc606b9bb8dcd802476,photometry/OGLE-BLG-RRLYR-06648.dat,55176,2299,2830.21643,True
OGLE-BLG-RRLYR-06713,BLG,RRab,0.48954829,5000.38941,,fundamental,1980d6c478efb888db3843a68f834ddd7b52e442b0c56129ecd70045bfb09e76,photometry/OGLE-BLG-RRLYR-06713.dat,69576,2899,4424.90999,True
OGLE-BLG-RRLYR-06983,BLG,RRab,0.37777519,5000.17638,,fundamental,86e322bb3b2501d84c1ea4b23f883388592742ef0b6a1276c17dd51614f4fcd6,photometry/OGLE-BLG-RRLYR-06983.dat,27912,1163,4421.9419800000005,True
OGLE-BLG-RRLYR-07209,BLG,RRc,0.26490911,5000.26311,,first overtone,d5aa123f9957471ea345aa866c3ff575f4e0a646991e9c1126d5e4a2de86cf53,photometry/OGLE-BLG-RRLYR-07209.dat,98664,4111,4424.916630000001,True
OGLE-BLG-RRLYR-07295,BLG,RRab,0.61146703,5000.44737,,fundamental,60eb142bb5d4648a6a18a522af531671150978992b04ffbc5c5a81f58133d61a,photometry/OGLE-BLG-RRLYR-07295.dat,31104,1296,2830.1151000000004,True
OGLE-BLG-RRLYR-07337,BLG,RRab,0.47323194,5000.46022,,fundamental,126109df084ef32d8f5ff5bf5dc410d580a97a144710819351ea1773c17abadc,photometry/OGLE-BLG-RRLYR-07337.dat,33648,1402,2830.1339000000003,True
OGLE-BLG-RRLYR-07396,BLG,RRc,0.26682671,5000.13421,,first overtone,c0d7343839b1b72bd815da51f829890e5edf8c399906778c97477f1d52843040,photometry/OGLE-BLG-RRLYR-07396.dat,16392,683,2836.0077300000003,True
OGLE-BLG-RRLYR-07505,BLG,RRab,0.43059818,5000.29038,,fundamental,5360ef4ce8eef98d6285d1f7c9ce58b85d7751126df6f362db2803de53f31791,photometry/OGLE-BLG-RRLYR-07505.dat,31056,1294,2830.1151000000004,True
OGLE-BLG-RRLYR-07541,BLG,RRab,0.49187886,5000.0638,,fundamental,40e57f752a54cf373f41c90aac8d2e9d995858a711f7176757ba8593691b94f5,photometry/OGLE-BLG-RRLYR-07541.dat,41472,1728,4403.807330000001,True
OGLE-BLG-RRLYR-07566,BLG,RRab,0.67681135,5000.0469,,fundamental,c6f5edaec6de36be27e5afc36278fe2ce09ec1df584b5c8d9e7c781aedbbe92e,photometry/OGLE-BLG-RRLYR-07566.dat,70584,2941,4403.88788,True
OGLE-BLG-RRLYR-07933,BLG,RRc,0.32321827,5000.19264,,first overtone,c6eb5530854d2563bd48013fba2f74d5e808df083e93c6ef922959a2289216c8,photometry/OGLE-BLG-RRLYR-07933.dat,39144,1631,4403.92468,True
OGLE-BLG-RRLYR-08100,BLG,RRab,0.49942223,5000.20445,,fundamental,fa6c26167ba8608427918f2cc7e502c660239d121528d6fb57b60dba7d9ec4c2,photometry/OGLE-BLG-RRLYR-08100.dat,60744,2531,2883.1686,True
OGLE-BLG-RRLYR-08207,BLG,RRab,0.6063572,5000.36309,,fundamental,8eabf2cfa307fca747f64439761442ceb8e1b3d781a986b6ef63b583cb197db5,photometry/OGLE-BLG-RRLYR-08207.dat,2856,119,2796.03243,True
OGLE-BLG-RRLYR-08275,BLG,RRab,0.59092789,5000.54708,,fundamental,c52083b898989e6caf0f6f2f1ee8382d2c4d638a428c901b8fb110fd39facd36,photometry/OGLE-BLG-RRLYR-08275.dat,7536,314,1663.08199,True
OGLE-BLG-RRLYR-08332,BLG,RRab,0.60017956,5000.27338,,fundamental,7698fbc5e3a8c3b8e2e41cfb74e0d195122010fc21ae7428a3dfbef9898ad856,photometry/OGLE-BLG-RRLYR-08332.dat,7680,320,1664.0376199999996,True
OGLE-BLG-RRLYR-08450,BLG,RRab,0.64716197,5000.3007,,fundamental,adc2275213ec0d21e65ee09724a12fb692ba5392e92c2ffb49b3c9f0f1255963,photometry/OGLE-BLG-RRLYR-08450.dat,32784,1366,2830.14869,True
OGLE-BLG-RRLYR-08699,BLG,RRab,0.71211329,5000.05201,,fundamental,217ce3e304987729de3f92f2f5f03d9fc1b9b3f920a98f86f0864782c0c29247,photometry/OGLE-BLG-RRLYR-08699.dat,32808,1367,2830.14869,True
OGLE-BLG-RRLYR-09008,BLG,RRc,0.35216545,5000.29784,,first overtone,ad046a02e8e0d4c2865a4da4e708f977156180cf3fb94719513e11e51a695c5a,photometry/OGLE-BLG-RRLYR-09008.dat,38688,1612,4403.836289999999,True
OGLE-BLG-RRLYR-09064,BLG,RRab,0.42996697,5000.13289,,fundamental,483064570e010bf4a201dfdb6b1e2b5a5b6a71a7bc462decc83955a48020352e,photometry/OGLE-BLG-RRLYR-09064.dat,42312,1763,4421.90058,True
OGLE-BLG-RRLYR-09103,BLG,RRab,0.55088483,5000.22347,,fundamental,720fa55aa2acf92e195f94f9ef75cba7ff9f5f28ee148eca26f4471085b87c34,photometry/OGLE-BLG-RRLYR-09103.dat,4176,174,1651.27129,True
OGLE-BLG-RRLYR-09288,BLG,RRc,0.28565002,5000.1923,,first overtone,ce37e212d094bdd6003271e4271ef742caeea6fc77843b60757879a31c335fa1,photometry/OGLE-BLG-RRLYR-09288.dat,2760,115,2557.937820000001,True
OGLE-BLG-RRLYR-09457,BLG,RRab,0.57247759,5000.20481,,fundamental,2adcff22799a7fbfea3ce37a67f92fd4b3fae56db2f88d697536cb170ca11121,photometry/OGLE-BLG-RRLYR-09457.dat,19368,807,2829.2034000000003,True
OGLE-BLG-RRLYR-09477,BLG,RRab,0.62431177,5000.32032,,fundamental,e0fbbc875c467275a11bfcda536da5e18cb341bcf3ec329b120416e8a505d2c8,photometry/OGLE-BLG-RRLYR-09477.dat,18816,784,2829.2034000000003,True
OGLE-BLG-RRLYR-09484,BLG,RRab,0.46892108,5000.02661,,fundamental,8cc95def6937a956b44d9d7b05a74a967ffff12cb0305bd397c0a75d4237c957,photometry/OGLE-BLG-RRLYR-09484.dat,39984,1666,4403.97365,True
OGLE-BLG-RRLYR-09502,BLG,RRab,0.57877431,5000.23121,,fundamental,5153e5a6acdb447a498cb4b671770abb1cf0003ec9b17963322afb1ae04f4f7c,photometry/OGLE-BLG-RRLYR-09502.dat,31560,1315,2828.29922,True
OGLE-BLG-RRLYR-09512,BLG,RRab,0.5617555,5000.00207,,fundamental,927aabf52b63fbd531134729817ec8a8d12101d6cb7a15a1498fd921d49c2386,photometry/OGLE-BLG-RRLYR-09512.dat,17832,743,2827.33645,True
OGLE-BLG-RRLYR-09525,BLG,RRab,0.5994225,5000.06999,,fundamental,edabc731c1ff4d1ad31bbccf27ac9eced99a2bc9db199be989a5630b12660a04,photometry/OGLE-BLG-RRLYR-09525.dat,18792,783,2830.21307,True
OGLE-BLG-RRLYR-09573,BLG,RRab,0.52649791,5000.00433,,fundamental,ef71f57f17814e7edac6dd0bea83ef62b6b6ead6f0696712e7e82c48173b1eb8,photometry/OGLE-BLG-RRLYR-09573.dat,19416,809,2829.2034000000003,True
OGLE-BLG-RRLYR-09582,BLG,RRab,0.4684117,5000.29803,,fundamental,d8b97c8d665e211fc846c9e5e2105c4df4986301e1287d576f4e296883de7751,photometry/OGLE-BLG-RRLYR-09582.dat,2736,114,2557.937820000001,True
OGLE-BLG-RRLYR-09716,BLG,RRab,0.55012332,5000.08436,,fundamental,4afd167609c2d7ac28c34f35481e565d993d43a6f4e6bab6ab54aa8a140b8ec5,photometry/OGLE-BLG-RRLYR-09716.dat,31440,1310,2828.29922,True
OGLE-BLG-RRLYR-09765,BLG,RRab,0.47198778,5000.19478,,fundamental,ed6c44a6e51debd5236c2b1991accfee866fa9f2715d57f82765062bb2a63c5d,photometry/OGLE-BLG-RRLYR-09765.dat,17712,738,2827.33645,True
OGLE-BLG-RRLYR-09826,BLG,RRab,0.47168984,5000.08059,,fundamental,1de6d94a970ebc72997236292bad66b5bd607ae2d6b00af80e242bc59e4b8732,photometry/OGLE-BLG-RRLYR-09826.dat,19416,809,2829.2034000000003,True
OGLE-BLG-RRLYR-09847,BLG,RRab,0.50586305,5000.17232,,fundamental,fe6739d75fa7de50ac006f08d1dc933b08fdefc651010e79a93fecf5ddbb4826,photometry/OGLE-BLG-RRLYR-09847.dat,2640,110,932.08721,True
OGLE-BLG-RRLYR-10174,BLG,RRab,0.45191251,5000.07358,,fundamental,d2988a4495522b1e58d7453d6640be0cbb8607daef6d2ef0d896c8de8066fd6d,photometry/OGLE-BLG-RRLYR-10174.dat,10392,433,1663.0905699999998,True
OGLE-BLG-RRLYR-10361,BLG,RRc,0.31361516,5000.13359,,first overtone,11615c28cd5870f7af469a5cfb8daf5ad757af22ce120b7dac182d8fec7eaec0,photometry/OGLE-BLG-RRLYR-10361.dat,24240,1010,4423.93516,True
OGLE-BLG-RRLYR-10435,BLG,RRab,0.46578439,5000.12783,,fundamental,dbff1fd0ce53f7535f00afc25ebf24877a537b1d3046fd980f970c0090be8b61,photometry/OGLE-BLG-RRLYR-10435.dat,4848,202,2557.9407100000003,True
OGLE-BLG-RRLYR-10454,BLG,RRab,0.47103039,5000.0928,,fundamental,f3df893c7b1f192c79ac53de17f677593bfc91da100e52423f94e2cfd15b5789,photometry/OGLE-BLG-RRLYR-10454.dat,17832,743,2827.33645,True
OGLE-BLG-RRLYR-10490,BLG,RRab,0.66096339,5000.47106,,fundamental,90e023af9fb240fe44492722f4c733e4088c3bde5cf3c6a6a2ba6166b276e8d5,photometry/OGLE-BLG-RRLYR-10490.dat,19080,795,2830.1808600000004,True
OGLE-BLG-RRLYR-10728,BLG,RRab,0.48168783,5000.46657,,fundamental,7803fd9bd1c5a01f38e61286343f9c2991ddad0d3871e4d9719600fb76893996,photometry/OGLE-BLG-RRLYR-10728.dat,8040,335,1656.30654,True
OGLE-BLG-RRLYR-10787,BLG,RRc,0.27650816,5000.13248,,first overtone,05d1611c7f8b39c4f69566a694383abce1345a912e8f749cb78662795b8a18c9,photometry/OGLE-BLG-RRLYR-10787.dat,24456,1019,4397.0266599999995,True
OGLE-BLG-RRLYR-10876,BLG,RRab,0.53536485,5000.42843,,fundamental,a9ab985b0e18bc69c5747736d27a308371a32efb0171f65e311efb274e8e2eed,photometry/OGLE-BLG-RRLYR-10876.dat,17832,743,2827.33645,True
OGLE-BLG-RRLYR-10991,BLG,RRc,0.25101476,5000.23579,,first overtone,d586d740af7bce4c9c017b6b733cec4e035e78f944a840a6ad3f4c4b016351c5,photometry/OGLE-BLG-RRLYR-10991.dat,18048,752,3471.80795,True
OGLE-BLG-RRLYR-11044,BLG,RRc,0.266662,5000.19418,,first overtone,afc9d5cb361d70af8aec5f2f33cd411dd57838e8d30bbeaa4b6c86b5f70458e1,photometry/OGLE-BLG-RRLYR-11044.dat,24744,1031,2828.16549,True
OGLE-BLG-RRLYR-11129,BLG,RRab,0.58236106,5000.2666,,fundamental,b4f793ae1902e0afd0e27aee33d9126aa96b7a72e4fc062a5b38f74dd43c1bdd,photometry/OGLE-BLG-RRLYR-11129.dat,19080,795,2830.1808600000004,True
OGLE-BLG-RRLYR-11256,BLG,RRab,0.4654634,5000.37236,,fundamental,6239f4af47d654825b0a4232bdab7118052814e037a657e5d16c43e042d3a132,photometry/OGLE-BLG-RRLYR-11256.dat,14952,623,2827.3360500000003,True
OGLE-BLG-RRLYR-11428,BLG,RRab,0.43295628,5000.28437,,fundamental,857f5c6a2bf7e3dfc35c58f7c113c282f9271ec62eecc8f4f9414cf54781a3c8,photometry/OGLE-BLG-RRLYR-11428.dat,34872,1453,4403.991169999999,True
OGLE-BLG-RRLYR-11435,BLG,RRab,0.4485676,5000.37169,,fundamental,711295c0275a6bf97403aa23b9c32ec3480dc1aea1c615f090d53955d3e89236,photometry/OGLE-BLG-RRLYR-11435.dat,25008,1042,4425.02578,True
OGLE-BLG-RRLYR-11484,BLG,RRab,0.53747197,5000.27864,,fundamental,f3c2028055d5c626b84ae7ea98200266b4c7a46ccfd88963f6a53ff1a2778b6f,photometry/OGLE-BLG-RRLYR-11484.dat,32976,1374,4404.00283,True
OGLE-BLG-RRLYR-11685,BLG,RRab,0.50686974,5000.43999,,fundamental,b7dbeb659ad2774bc56ce6fa07d5bbc15b96c807d8e07980220ce90a74c43486,photometry/OGLE-BLG-RRLYR-11685.dat,34728,1447,4403.99234,True
OGLE-BLG-RRLYR-11688,BLG,RRc,0.32657123,5000.3218,,first overtone,6991ef05c4121c8731d92f2b386ade93a12372cd00aca316671c62c2d9b0ea33,photometry/OGLE-BLG-RRLYR-11688.dat,9120,380,1656.30647,True
OGLE-BLG-RRLYR-11741,BLG,RRab,0.53543404,5000.0122,,fundamental,9dd364157aaf209f3d1d63f0142e88a8cd12fa037d1ded829be1bfd3c3532f89,photometry/OGLE-BLG-RRLYR-11741.dat,8616,359,1662.1226,True
OGLE-BLG-RRLYR-11821,BLG,RRab,0.49739106,5000.08937,,fundamental,8c59e3c2ae0f58e0f0714df5033f32edeb6a104d15124f24265adee8c9b1d3de,photometry/OGLE-BLG-RRLYR-11821.dat,31608,1317,4403.99815,True
OGLE-BLG-RRLYR-11846,BLG,RRab,0.57739839,5000.45701,,fundamental,1d56a655c5a3786f25a05a9bf044fe06a41b094170ade0ebd1d8cb846f3ac2ce,photometry/OGLE-BLG-RRLYR-11846.dat,34272,1428,4403.985549999999,True
OGLE-BLG-RRLYR-12060,BLG,RRab,0.76836981,5000.34902,,fundamental,e495e44b6d991548a6c5fcfd621fbef5ad2babb68b6dc21074aa681cdad87617,photometry/OGLE-BLG-RRLYR-12060.dat,19776,824,2828.3248700000004,True
OGLE-BLG-RRLYR-12101,BLG,RRc,0.32369925,5000.30067,,first overtone,70fa2d1075554efcc707108f7267a2a2a5d5cb2385b864684742faf88fbd3ab4,photometry/OGLE-BLG-RRLYR-12101.dat,32976,1374,4403.986989999999,True
OGLE-BLG-RRLYR-12235,BLG,RRc,0.30416681,5000.00782,,first overtone,3eff769b1443d4aed802f96b252b960deaa6f5474ff06b14d1ea540bb5581835,photometry/OGLE-BLG-RRLYR-12235.dat,912,38,786.99901,True
OGLE-BLG-RRLYR-12354,BLG,RRc,0.26255441,5000.2412,,first overtone,bec6013cbbc95caaa8a0c91049dcbb5a2bc563af99f7f6d73ce9d425ea7be49d,photometry/OGLE-BLG-RRLYR-12354.dat,26568,1107,4096.9162799999995,True
OGLE-BLG-RRLYR-12364,BLG,RRab,0.54259381,5000.44522,,fundamental,c4ebd67f6e67da626f25d813dec361876eda842ac81bfe8881ffe069454feaea,photometry/OGLE-BLG-RRLYR-12364.dat,37608,1567,4425.00681,True
OGLE-BLG-RRLYR-12389,BLG,RRab,0.44754034,5000.23314,,fundamental,a17cd3f9491df273f2a68158d3ab6efe08576513c11a90483be4a230f4abd0ea,photometry/OGLE-BLG-RRLYR-12389.dat,25968,1082,4403.95048,True
OGLE-BLG-RRLYR-12416,BLG,RRab,0.58489852,5000.56982,,fundamental,df5dec556458a4a0e6577c165a701a2c30d84c21adc42cc17b00dbaa37135412,photometry/OGLE-BLG-RRLYR-12416.dat,2760,115,2796.0321,True
OGLE-BLG-RRLYR-12442,BLG,RRab,0.57750639,5000.44458,,fundamental,7ad03b9a518b636ed81161f835790be0d23b8b5bc8d99823bf792232ee499f97,photometry/OGLE-BLG-RRLYR-12442.dat,39768,1657,4425.053269999999,True
OGLE-BLG-RRLYR-12472,BLG,RRab,0.43371648,5000.36627,,fundamental,767e5f0f94a4d29211a51cb55721fd45a5caaa33eb6acb378f8c6b11890430f6,photometry/OGLE-BLG-RRLYR-12472.dat,25800,1075,2830.15759,True
OGLE-BLG-RRLYR-12491,BLG,RRab,0.52114657,5000.17156,,fundamental,088f04e23a644608704ee49dc8faf51532e9d9df47d2c83c6c6a1e4565173757,photometry/OGLE-BLG-RRLYR-12491.dat,19512,813,4290.210239999999,True
OGLE-BLG-RRLYR-12705,BLG,RRc,0.26065666,5000.07976,,first overtone,c64a36830aa3c716d8ea6df8c74c2bf6db97e4a9740de5e094b3068ebec67b96,photometry/OGLE-BLG-RRLYR-12705.dat,2184,91,932.11044,True
OGLE-BLG-RRLYR-12839,BLG,RRc,0.39751313,5000.08237,,first overtone,4b44ea5340369503ef46b1cb486eb38d548716bc6937571ab4d063c0eaaef3e9,photometry/OGLE-BLG-RRLYR-12839.dat,4920,205,1653.38681,True
OGLE-BLG-RRLYR-12863,BLG,RRc,0.24862886,5000.02533,,first overtone,21bb1bd898fb053ebcaf2ede787b0a7a3c10f7c276afcabe838703a425884b5f,photometry/OGLE-BLG-RRLYR-12863.dat,13992,583,2826.1717700000004,True
OGLE-BLG-RRLYR-12864,BLG,RRc,0.2185276,5000.18103,,first overtone,f3d6c4d10b91434c00b6a4900e0fe6d0f0a96e5cba474496cf9517adb5cf0c0b,photometry/OGLE-BLG-RRLYR-12864.dat,31056,1294,2830.15759,True
OGLE-BLG-RRLYR-12942,BLG,RRc,0.30667021,5000.05226,,first overtone,f692a61cf899033b968111c6b849f0c80b61dcb54de3ce7be5a416c0ceb5e93c,photometry/OGLE-BLG-RRLYR-12942.dat,2448,102,932.0870200000004,True
OGLE-BLG-RRLYR-13153,BLG,RRc,0.3225673,5000.18516,,first overtone,ea1d978e60b3fc04b1f074f6e24b55f943bc2cc9612817fdb18da11408ff91a7,photometry/OGLE-BLG-RRLYR-13153.dat,19224,801,2826.2181600000004,True
OGLE-BLG-RRLYR-13241,BLG,RRab,0.45730158,5000.39209,,fundamental,b2556a654ab4e11fc6ccfdf6c9c57b4a7ec998c4e86b432d2df491034b96dd1b,photometry/OGLE-BLG-RRLYR-13241.dat,21888,912,2830.17605,True
OGLE-BLG-RRLYR-13296,BLG,RRab,0.49635286,5000.1546,,fundamental,6909a52f3586c56259693eaf48b3ed21e178e3f428fb981b56e2a6b99a90523b,photometry/OGLE-BLG-RRLYR-13296.dat,15336,639,2826.2181600000004,True
OGLE-BLG-RRLYR-13446,BLG,RRab,0.58751893,5000.37698,,fundamental,b9aa51a984517cb91db32fdce46a07a2e85dbbf2380fd71be74039cab9154490,photometry/OGLE-BLG-RRLYR-13446.dat,2664,111,2796.0319400000003,True
OGLE-BLG-RRLYR-13447,BLG,RRab,0.45517573,5000.26428,,fundamental,e085dd6a00d8649ab86fc2729986f8b416e42413c39b219386824c3162050433,photometry/OGLE-BLG-RRLYR-13447.dat,18888,787,2826.19349,True
OGLE-BLG-RRLYR-13480,BLG,RRab,0.45580997,5000.29646,,fundamental,3f781385ad15d3aa916a100ac6d856d5306c27582c9c54527f7f4b9245549aa6,photometry/OGLE-BLG-RRLYR-13480.dat,18888,787,2826.19349,True
OGLE-BLG-RRLYR-13517,BLG,RRc,0.31640334,5000.31075,,first overtone,11c650a84db21d3c7c8556748b49a5f1a16659114b93ebbb93298f067eca2f43,photometry/OGLE-BLG-RRLYR-13517.dat,8448,352,1650.31835,True
OGLE-BLG-RRLYR-13917,BLG,RRc,0.31209203,5000.16066,,first overtone,aa0568f34ee3913b84514b4ac3b2bdafe5f7225f82ceb06fc67657a1dc78c815,photometry/OGLE-BLG-RRLYR-13917.dat,21864,911,2830.17605,True
OGLE-BLG-RRLYR-13944,BLG,RRab,0.45658984,5000.3229,,fundamental,0e06fb0263d680c3d8fc73d4118596ad5ca58855425a36114bde1c37a18ab1c0,photometry/OGLE-BLG-RRLYR-13944.dat,21888,912,2830.17605,True
OGLE-BLG-RRLYR-14070,BLG,RRab,0.50954883,5000.18415,,fundamental,755404bd6501b430bc5107ec02a8056a5b170e0d564041d55528c4c99db692a7,photometry/OGLE-BLG-RRLYR-14070.dat,2688,112,932.11031,True
OGLE-BLG-RRLYR-14104,BLG,RRc,0.25426286,5000.07642,,first overtone,96ab8200b52da1b5c5d2a435d4376f6b75be5fb6a39be444e1db3999a47af03c,photometry/OGLE-BLG-RRLYR-14104.dat,13464,561,2826.19232,True
OGLE-BLG-RRLYR-14173,BLG,RRab,0.50245425,5000.07699,,fundamental,282cb469aa7c4f5e9adc217423386a00f527f649d1e49b5cc156940fb25e9f08,photometry/OGLE-BLG-RRLYR-14173.dat,2712,113,804.0375999999997,True
OGLE-BLG-RRLYR-14183,BLG,RRab,0.61519141,5000.20222,,fundamental,25deef731e8a884a1d3bb2ff07862a2750db9258d72e587bdf58ee6c668d3281,photometry/OGLE-BLG-RRLYR-14183.dat,16128,672,2825.3096799999994,True
OGLE-BLG-RRLYR-14191,BLG,RRab,0.50023081,5000.10113,,fundamental,faaec6ea72059523da6ee23e19e11741276054c0342769e25e4ed22ab2a6a183,photometry/OGLE-BLG-RRLYR-14191.dat,2568,107,927.1756999999998,True
OGLE-BLG-RRLYR-14212,BLG,RRab,0.35058589,5000.34964,,fundamental,e5d5d431a5883339a2bd517dd934cdab64a69ca9b2478ff140b24ffa2b2359a7,photometry/OGLE-BLG-RRLYR-14212.dat,23976,999,2826.1975599999996,True
OGLE-BLG-RRLYR-14278,BLG,RRab,0.45135198,5000.01079,,fundamental,a68ed4b2b5f580266d8007fa30fc02acf0aec1b6bf26f31d11a77bd4531ce092,photometry/OGLE-BLG-RRLYR-14278.dat,4944,206,804.9610699999998,True
OGLE-BLG-RRLYR-14334,BLG,RRab,0.8490338,5000.59044,,fundamental,c80c6540233e89d2aea3f51451ccc555ad09f8a866ea0d25a0befbc2d681cab2,photometry/OGLE-BLG-RRLYR-14334.dat,2664,111,932.11031,True
OGLE-BLG-RRLYR-14399,BLG,RRc,0.28515283,5000.0968,,first overtone,c5972839f0de5e33466fb9f5140250f6a865594c415763112da9239bce6c2f22,photometry/OGLE-BLG-RRLYR-14399.dat,2496,104,804.95838,True
OGLE-BLG-RRLYR-14423,BLG,RRab,0.38636738,5000.10977,,fundamental,ad26cc7d72df3b2f7d1903acc4d9932abd73a139f4fce829a1924bdd305c9eee,photometry/OGLE-BLG-RRLYR-14423.dat,2592,108,804.0375999999997,True
OGLE-BLG-RRLYR-14449,BLG,RRab,0.66224068,5000.6368,,fundamental,23f1ac1cf8fb20e99a457fb6fee96aa01457353ae3a90db823e2a43869e791a4,photometry/OGLE-BLG-RRLYR-14449.dat,2520,105,804.95838,True
OGLE-BLG-RRLYR-14529,BLG,RRc,0.32719978,5000.1847,,first overtone,e38257b15a7af725d916a6908f7c2eee2526b9d33329531588c9e4ae3cec2373,photometry/OGLE-BLG-RRLYR-14529.dat,16224,676,2825.3096799999994,True
OGLE-BLG-RRLYR-14604,BLG,RRc,0.31438566,5000.27692,,first overtone,18a3a7dc3b1b4f276d825cf522de1a1c09d1a759072feb1bdbe159e36f9d89cc,photometry/OGLE-BLG-RRLYR-14604.dat,2688,112,925.3586300000002,True
OGLE-BLG-RRLYR-14854,BLG,RRab,0.55249359,5000.23527,,fundamental,227694d9c966aee78d231156922a30c6a18fad9167731e5fca156fa8137490c4,photometry/OGLE-BLG-RRLYR-14854.dat,7104,296,1653.33446,True
OGLE-BLG-RRLYR-14934,BLG,RRab,0.48618981,5000.45582,,fundamental,460bfdbb8e496c79ebca011cc942999c0725552de95a23d9287899a6b967baba,photometry/OGLE-BLG-RRLYR-14934.dat,4464,186,1651.3062599999998,True
OGLE-BLG-RRLYR-15002,BLG,RRab,0.68354693,5000.03418,,fundamental,974cffd49acdc18393b0ae87f091ee00380ab30803fa74e41bf5dde09dc6fb2b,photometry/OGLE-BLG-RRLYR-15002.dat,18312,763,2830.17597,True
OGLE-BLG-RRLYR-15021,BLG,RRab,0.47813937,5000.20485,,fundamental,652d11dcd46482d4234c03983c15ddcf8fa4cf19b3cacb1155fc3da8326229fc,photometry/OGLE-BLG-RRLYR-15021.dat,7104,296,1656.36706,True
OGLE-BLG-RRLYR-15057,BLG,RRc,0.26504134,5000.2525,,first overtone,0ba6ef24b9cc6cae7f5cff7f7c964cf4dbcabcc25edb41a167334fb00790727d,photometry/OGLE-BLG-RRLYR-15057.dat,2616,109,932.1197699999998,True
OGLE-BLG-RRLYR-15124,BLG,RRab,0.66465665,5000.18149,,fundamental,5f7b8a66ef05fa0499dd87697c47ad6455abc58894b20d2fdff00af35d254d86,photometry/OGLE-BLG-RRLYR-15124.dat,2496,104,926.2547,True
OGLE-BLG-RRLYR-15145,BLG,RRab,0.52139839,5000.16089,,fundamental,ecac8b4f2f08d6472ab26845474af060976c9827f6c02ad6155c356bf4274d1b,photometry/OGLE-BLG-RRLYR-15145.dat,18600,775,2825.30929,True
OGLE-BLG-RRLYR-15482,BLG,RRab,0.53594601,5000.27632,,fundamental,ec437d13723a542cc8441276e19daa904d85f83357a6ac75b9573a8ef110567e,photometry/OGLE-BLG-RRLYR-15482.dat,4464,186,1651.3062599999998,True
OGLE-BLG-RRLYR-15491,BLG,RRc,0.38434829,5000.09503,,first overtone,02f2b1255f4e96e1fac7ce2fa0033b225ce30f9181044feff1f0fc77997c0d8e,photometry/OGLE-BLG-RRLYR-15491.dat,2520,105,1009.27382,True
OGLE-BLG-RRLYR-15512,BLG,RRab,0.48334951,5000.45068,,fundamental,5659112d0880f27d4dce7992c3da6ed7d8a6673876ce05bd977d22c48fba9d9c,photometry/OGLE-BLG-RRLYR-15512.dat,2472,103,925.36659,True
OGLE-BLG-RRLYR-15596,BLG,RRab,0.65088723,5000.37188,,fundamental,afb5ebe689ca5a1619cd9e3a5fbb8b2df89e8b5a9206683d7b29ad4d8b092b13,photometry/OGLE-BLG-RRLYR-15596.dat,4776,199,1649.3490700000002,True
OGLE-BLG-RRLYR-15600,BLG,RRc,0.27671384,5000.18869,,first overtone,b54b665d9aa87357cc7c08f1fb1efbeb54171581fb0615060143d3ef7b4e6579,photometry/OGLE-BLG-RRLYR-15600.dat,4776,199,1649.3490700000002,True
OGLE-BLG-RRLYR-15633,BLG,RRc,0.27190327,5000.19471,,first overtone,15893107908c16d2b78c6773d5cb0e010cad8b00c3c5aebb9e29b88d827c18e3,photometry/OGLE-BLG-RRLYR-15633.dat,4752,198,1649.3490700000002,True
OGLE-BLG-RRLYR-15744,BLG,RRab,0.81934188,5000.25108,,fundamental,68f2488a0838b352cfda103853ea0136a8541f017424df11ab5b8015a3b0048d,photometry/OGLE-BLG-RRLYR-15744.dat,4008,167,1651.30609,True
OGLE-BLG-RRLYR-15776,BLG,RRc,0.30405241,5000.13797,,first overtone,35826e1b7956437a5b1f6a32247c466f18097425a27199593c1bed4e6af2438d,photometry/OGLE-BLG-RRLYR-15776.dat,2520,105,926.2544200000002,True
OGLE-BLG-RRLYR-15781,BLG,RRc,0.32642831,5000.29006,,first overtone,b2f3cfad9da36a87eff73994fe80997dc111b560bc52047379b46b8122fcf0f5,photometry/OGLE-BLG-RRLYR-15781.dat,2472,103,925.36659,True
OGLE-BLG-RRLYR-15929,BLG,RRab,0.56562689,5000.39754,,fundamental,8989cf26a0bcf582c2e837fe123e69cc42f5e56f8e29f457d4144221b4a7f15d,photometry/OGLE-BLG-RRLYR-15929.dat,2496,104,925.36649,True
OGLE-BLG-RRLYR-15969,BLG,RRc,0.3225331,5000.2291,,first overtone,f6fee99f8c3c99564a56d088c6cd8bcc5ed5f0a2c50c0d9528a92300e14bb325,photometry/OGLE-BLG-RRLYR-15969.dat,2520,105,926.2292700000004,True
OGLE-BLG-RRLYR-16024,BLG,RRab,0.50866474,5000.19875,,fundamental,908d8b0dacfdd8704e0f2ad52c5e68f4b775246cd347313bacbc68832af24bb1,photometry/OGLE-BLG-RRLYR-16024.dat,2472,103,922.33381,True
OGLE-BLG-RRLYR-16058,BLG,RRab,0.39728594,5000.30183,,fundamental,03acb93ee3487f19c80e979e66ac501e136f7a96cee0b40fa19125de941d6936,photometry/OGLE-BLG-RRLYR-16058.dat,2040,85,718.97552,True
OGLE-BLG-RRLYR-16119,BLG,RRab,0.55558856,5000.10868,,fundamental,36e25b4cac318da472bbde7360024afeacafb64350995ea283ee22f98f318406,photometry/OGLE-BLG-RRLYR-16119.dat,7584,316,1933.02573,True
OGLE-BLG-RRLYR-16156,BLG,RRab,0.7481895,5000.09215,,fundamental,b919d5165544cf3d8e3c36547415fb10850c70d1afa6ffcc6b7cdfeab8a59629,photometry/OGLE-BLG-RRLYR-16156.dat,2400,100,926.2291499999995,True
OGLE-BLG-RRLYR-16332,BLG,RRc,0.32194653,5000.03478,,first overtone,b31176c8434bfc0e9f6f5a9697d8ed0ea2c3b70f76a222f9248cd7d21931a270,photometry/OGLE-BLG-RRLYR-16332.dat,2424,101,802.0052799999999,True
OGLE-BLG-RRLYR-16419,BLG,RRc,0.36804529,5000.15629,,first overtone,cd512474d5b3275bef8a2b163372520b2b4aaea5bf927de4b487cd87695b5b28,photometry/OGLE-BLG-RRLYR-16419.dat,2424,101,802.0052799999999,True
OGLE-BLG-RRLYR-16600,BLG,RRc,0.25342599,5000.02618,,first overtone,4555270a5db611cc9c3fe5315ef192ebf6179c6a77f26a1f8dd932e8dff06fa1,photometry/OGLE-BLG-RRLYR-16600.dat,2592,108,926.25434,True
OGLE-BLG-RRLYR-16670,BLG,RRab,0.51889343,5000.367,,fundamental,212b64ff8dc2e1b958df2683cfb71b9165236aa30939aade021bf0a5744779a6,photometry/OGLE-BLG-RRLYR-16670.dat,7416,309,4124.74995,True
OGLE-BLG-RRLYR-16705,BLG,RRab,0.60150107,5000.36144,,fundamental,3d533223a32f8a291fa90c575fc8e9f9e8d5b592e764a6e1f99fb6e800762a70,photometry/OGLE-BLG-RRLYR-16705.dat,2376,99,802.00241,True
OGLE-BLG-RRLYR-16725,BLG,RRab,0.57811213,5000.55433,,fundamental,99edad6909df6bd06e1d409a85fa41980713a32cb0f982a19cc4476773ac91ca,photometry/OGLE-BLG-RRLYR-16725.dat,2280,95,798.97874,True
OGLE-BLG-RRLYR-16832,BLG,RRab,0.445473,5000.16674,,fundamental,d19464b7ad1597cf4cbef763b2d456ff9e1f082085e33f9eab679e024678792f,photometry/OGLE-BLG-RRLYR-16832.dat,2400,100,926.19306,True
OGLE-LMC-RRLYR-00057,LMC,RRab,0.6898003,2171.61664,,fundamental,ffea72904a1af9239da52d29f8310aa7bb57cc7d35f807ff76a5af91ce20f733,photometry/OGLE-LMC-RRLYR-00057.dat,8640,360,2368.6577599999996,True
OGLE-LMC-RRLYR-00063,LMC,RRd,0.3783588,2184.61458,0.5080168,first overtone,4f9ff618c8a3a830cb2801ab633316f5833a0c2b015242e6248aaed4789bab67,photometry/OGLE-LMC-RRLYR-00063.dat,8472,353,2355.6991700000003,True
OGLE-LMC-RRLYR-00076,LMC,RRab,0.5246702,2184.44507,,fundamental,95ff7798d554b0456d900e74f186e08e06ee22edbe36f7ae9f004577940903d0,photometry/OGLE-LMC-RRLYR-00076.dat,8616,359,2355.69894,True
OGLE-LMC-RRLYR-00485,LMC,RRab,0.5841535,2165.83352,,fundamental,7db14d666318d27ce0ab99597e21f71cfb037f43a408f3bea099a4cc35d9345d,photometry/OGLE-LMC-RRLYR-00485.dat,9144,381,2374.6803700000005,True
OGLE-LMC-RRLYR-00527,LMC,RRd,0.3626049,2165.74772,0.4868534,first overtone,87187e4340cec1a207064bca8ee081b5f3613faff5f1e3cd9c3f5ee9adfb7e7c,photometry/OGLE-LMC-RRLYR-00527.dat,8736,364,2374.6802199999997,True
OGLE-LMC-RRLYR-00540,LMC,RRab,0.5964048,2171.47069,,fundamental,33cfdf107a8ec4b287a3c0ca0119d61876d1c6c1dcddd6a6a848c714835889e4,photometry/OGLE-LMC-RRLYR-00540.dat,8592,358,2368.65735,True
OGLE-LMC-RRLYR-00585,LMC,RRab,0.6789029,2165.33906,,fundamental,34516b74b985e4c16bb3f4a0ac24161c7d14639901ed7c12dc08731f6763c20b,photometry/OGLE-LMC-RRLYR-00585.dat,8736,364,2374.6802199999997,True
OGLE-LMC-RRLYR-00611,LMC,RRab,0.5302923,2165.38693,,fundamental,e097326152edb537c5efffed7618f6f3d5698e84600d790169873eb60d894d58,photometry/OGLE-LMC-RRLYR-00611.dat,8760,365,2374.6802199999997,True
OGLE-LMC-RRLYR-00649,LMC,RRab,0.4968533,2165.46115,,fundamental,340775d59a73bb5402e41339c9a214bfe2d628936d739b06422389b8ce299b8d,photometry/OGLE-LMC-RRLYR-00649.dat,8736,364,2374.6782600000006,True
OGLE-LMC-RRLYR-00676,LMC,RRab,0.5824253,2183.73592,,fundamental,f72b0b713ad3e809e07c39c92b28e9bea29f1588e102b7bfdcf2233526e03bd1,photometry/OGLE-LMC-RRLYR-00676.dat,8688,362,2356.69743,True
OGLE-LMC-RRLYR-00713,LMC,RRab,0.5244206,2171.61564,,fundamental,83a0ea84b431e3d539046ea201aa7ae6fc3e80846068158ecb61477d653bc97d,photometry/OGLE-LMC-RRLYR-00713.dat,8808,367,2368.657650000001,True
OGLE-LMC-RRLYR-00798,LMC,RRab,0.4836302,2171.67047,,fundamental,672455b3336c9a647b0a4c342d1e7b02d7ff000404e37c6de11760be2126c134,photometry/OGLE-LMC-RRLYR-00798.dat,8832,368,2368.65704,True
OGLE-LMC-RRLYR-00917,LMC,RRab,0.5805696,2171.7602,,fundamental,ada388ed015ae77139b2ba4ab4e9bd0d3f6fc66b6d19473b8b5b445c00fcaaf9,photometry/OGLE-LMC-RRLYR-00917.dat,8976,374,2368.6571900000004,True
OGLE-LMC-RRLYR-00962,LMC,RRab,0.5703638,2171.5743,,fundamental,44376847062f1a0b838b2443df2d075c948e6b147eb82b48a4f3a67a236d648a,photometry/OGLE-LMC-RRLYR-00962.dat,8784,366,2368.65704,True
OGLE-LMC-RRLYR-00977,LMC,RRab,0.4770094,2171.4293,,fundamental,2fc71e277c4d294acb463b7c2700560f800790febac70cf3bcb1fcdf18af5239,photometry/OGLE-LMC-RRLYR-00977.dat,8976,374,2368.6571900000004,True
OGLE-LMC-RRLYR-00992,LMC,RRab,0.4973814,2165.52472,,fundamental,719864cb8838edaef2465b796112e31188ae7560dfb6d19fecbaab5ee26d31e9,photometry/OGLE-LMC-RRLYR-00992.dat,8736,364,2374.6782600000006,True
OGLE-LMC-RRLYR-01155,LMC,RRab,0.4791445,2171.51005,,fundamental,88cc7d787a49296fc12781cccc68de1198720eb39db366abe0a9d59812410b99,photometry/OGLE-LMC-RRLYR-01155.dat,8832,368,2368.65704,True
OGLE-LMC-RRLYR-01180,LMC,RRc,0.3792634,2171.79837,,first overtone,3db332dcd59185e7db2ffa1e8e094c9f0622c3c83ec7763a4a56e794fd0d6afb,photometry/OGLE-LMC-RRLYR-01180.dat,8832,368,2368.65704,True
OGLE-LMC-RRLYR-01230,LMC,RRab,0.579673,2166.31693,,fundamental,ca063fbfc92a779dab43801be2821caa5afcb67a87d3425d335786f3ccc51408,photometry/OGLE-LMC-RRLYR-01230.dat,8784,366,2373.75631,True
OGLE-LMC-RRLYR-01241,LMC,RRd,0.3673584,2171.79217,0.4935756,first overtone,f20e89fa3886f3e5d80716bf9618c9dd94369627d8b1d1922c19b4d206619230,photometry/OGLE-LMC-RRLYR-01241.dat,8976,374,2368.6571900000004,True
OGLE-LMC-RRLYR-01300,LMC,RRc,0.3541098,2165.66349,,first overtone,919a71fd8479c4517639472bf96986e4d26962f15bb8ecebf1a25f34c281f343,photometry/OGLE-LMC-RRLYR-01300.dat,8976,374,2374.6751499999996,True
OGLE-LMC-RRLYR-01480,LMC,RRab,0.4480116,2166.43542,,fundamental,04f3bf962ddde877cead10d82e860d440b3dddc8849b15344c725800e97c43da,photometry/OGLE-LMC-RRLYR-01480.dat,8760,365,2373.7563900000005,True
OGLE-LMC-RRLYR-01625,LMC,RRc,0.3981663,2166.43874,,first overtone,4d527a6dc41fbada78c57f8358bf94f00a9b2117c73b92e7c8b7c256820e436b,photometry/OGLE-LMC-RRLYR-01625.dat,8760,365,2373.7563900000005,True
OGLE-LMC-RRLYR-01787,LMC,RRab,0.5477777,2166.40494,,fundamental,56198e7610c1fe4705a7399209a795a991c96bc6acd74def759eb1fdba9769d1,photometry/OGLE-LMC-RRLYR-01787.dat,8640,360,2373.7561399999995,True
OGLE-LMC-RRLYR-01842,LMC,RRab,0.5925896,2166.54925,,fundamental,cdf9db95aea0dae443634d917f658eb7176044ac0d1fd2f77ceefe12f82ef0c1,photometry/OGLE-LMC-RRLYR-01842.dat,8688,362,2373.7563900000005,True
OGLE-LMC-RRLYR-01876,LMC,RRab,0.609089,2165.67214,,fundamental,d0c75aec3874e57ba23457e2e9b0aecc4844546f98fa0e78881d04408f9d0034,photometry/OGLE-LMC-RRLYR-01876.dat,9024,376,2374.67545,True
OGLE-LMC-RRLYR-02055,LMC,RRc,0.3471887,2166.79682,,first overtone,bc456a1c63bd8be01b4aafca92e750ede8275cfa16a2a26cc21f38da551d59e5,photometry/OGLE-LMC-RRLYR-02055.dat,8880,370,2373.7552,True
OGLE-LMC-RRLYR-02118,LMC,RRab,0.659139,2165.61454,,fundamental,dcaad022220d994a7ef533fae7cc51a4f18e31b1eefdaa20c960c86464939307,photometry/OGLE-LMC-RRLYR-02118.dat,8952,373,2374.67531,True
OGLE-LMC-RRLYR-02286,LMC,RRab,0.5678817,2165.37884,,fundamental,cd32c4a4e23d87306855a9dbacd00bc5b6bf1e3157c3cc09edf2011039842343,photometry/OGLE-LMC-RRLYR-02286.dat,8976,374,2374.67531,True
OGLE-LMC-RRLYR-02320,LMC,RRab,0.5948591,2166.76857,,fundamental,2d919b9da3046a37897f73c2c28690164d5a4b4d3dd34e891761701fb959fbeb,photometry/OGLE-LMC-RRLYR-02320.dat,8808,367,2373.75547,True
OGLE-LMC-RRLYR-02359,LMC,RRab,0.5964086,2166.2742,,fundamental,da423083767e9dc838111c9253419e3453d5ecbb45bec75bed832de3dd35230f,photometry/OGLE-LMC-RRLYR-02359.dat,8688,362,2373.75536,True
OGLE-LMC-RRLYR-02405,LMC,RRc,0.2929045,2212.75003,,first overtone,2657769d723d167d01d8efabbe10858ef881282c8665954ee1477a122646d314,photometry/OGLE-LMC-RRLYR-02405.dat,4416,184,2327.8023899999994,True
OGLE-LMC-RRLYR-02455,LMC,RRab,0.5253533,2166.39184,,fundamental,04284347401b79b29c16d405a4ad0f93e7db74f6c2034c93094be7682630748c,photometry/OGLE-LMC-RRLYR-02455.dat,8664,361,2373.7548999999995,True
OGLE-LMC-RRLYR-02594,LMC,RRab,0.6060384,2166.47145,,fundamental,3e412158d1d7196725a530503395ad549ae14a3ec113068d8e533a579fc89a0b,photometry/OGLE-LMC-RRLYR-02594.dat,8952,373,2373.75558,True
OGLE-LMC-RRLYR-02692,LMC,RRc,0.3636807,2166.84431,,first overtone,b0b4d247d12022fa272838adacc1505e61eff38c8ba4e9217d1c9ebb03a4aaa8,photometry/OGLE-LMC-RRLYR-02692.dat,9168,382,2335.83467,True
OGLE-LMC-RRLYR-02747,LMC,RRab,0.647776,2166.50988,,fundamental,e9e643116757a45f2886f684ee6987612d64f4e8c635f69ef7f860299f776504,photometry/OGLE-LMC-RRLYR-02747.dat,9096,379,2373.75572,True
OGLE-LMC-RRLYR-02762,LMC,RRab,0.6206936,2166.27235,,fundamental,f16abb49f06393b140eb90b6b99298fc069edc48649527a2f17b8854ef684d23,photometry/OGLE-LMC-RRLYR-02762.dat,8688,362,2373.75505,True
OGLE-LMC-RRLYR-02772,LMC,RRab,0.5968597,2166.8413,,fundamental,e310189416989eb6de60c3266346ad18401c1c78c9a50e6ee975cc1bbb2ff6f0,photometry/OGLE-LMC-RRLYR-02772.dat,8808,367,2373.75536,True
OGLE-LMC-RRLYR-02858,LMC,RRab,0.5335146,2166.655,,fundamental,af0b915381f41d20c0ad2b7eb0c45c99881ed96427086393b1d660f06d6fd295,photometry/OGLE-LMC-RRLYR-02858.dat,8664,361,2373.7548999999995,True
OGLE-LMC-RRLYR-03144,LMC,RRab,0.6281261,2166.46907,,fundamental,d314c8ddd1bddfb0aa0e6fc15cc45dfd0ad4a2b2e0ec0e161f01bb267517bd87,photometry/OGLE-LMC-RRLYR-03144.dat,9288,387,2373.7558499999996,True
OGLE-LMC-RRLYR-03161,LMC,RRc,0.3474267,2185.62177,,first overtone,5ab753f0fd04ef5a5d4a87373a4e55377deff8296b9799eab3ae48f6a8653788,photometry/OGLE-LMC-RRLYR-03161.dat,4344,181,2354.78931,True
OGLE-LMC-RRLYR-03171,LMC,RRab,0.6500679,726.8159,,fundamental,862b5a7a2aea25a7c311908f95d606584fcfd29f68c8b1a824abc6ce1688445a,photometry/OGLE-LMC-RRLYR-03171.dat,15816,659,3813.78764,True
OGLE-LMC-RRLYR-03254,LMC,RRab,0.6460071,2166.2655,,fundamental,a1469a07a99d1e6e1d4a76cf24580086e83b8aac0bfbd126a5da4fae2012f581,photometry/OGLE-LMC-RRLYR-03254.dat,8640,360,2373.7548999999995,True
OGLE-LMC-RRLYR-03264,LMC,RRab,0.4312977,2166.58189,,fundamental,f4d80dc9dac3431a1f1544229360d5a7e5997b2a809913ad6d4f604a2f1a190a,photometry/OGLE-LMC-RRLYR-03264.dat,9192,383,2373.7558499999996,True
OGLE-LMC-RRLYR-03378,LMC,RRab,0.6762471,2166.435,,fundamental,8bca4b565ed8d4f93acafbff0cf4d5e72a1f4dff3f72172d6e3247b770df05fa,photometry/OGLE-LMC-RRLYR-03378.dat,8592,358,2370.7064699999996,True
OGLE-LMC-RRLYR-03440,LMC,RRc,0.3522904,726.63833,,first overtone,c65fbc4c305f5b2fc0b9b848baab9af8bcf169208c766ad8cde1155dbd6df955,photometry/OGLE-LMC-RRLYR-03440.dat,15912,663,3813.79243,True
OGLE-LMC-RRLYR-03500,LMC,RRab,0.5465396,726.37617,,fundamental,67dacb3fcf5a57b6ff1e2780d886761e233ace6f0f7c66bf959d76b30b90163b,photometry/OGLE-LMC-RRLYR-03500.dat,15840,660,3813.795,True
OGLE-LMC-RRLYR-03567,LMC,RRab,0.4889028,2166.44483,,fundamental,74e61bf4d7921df65da807fa87f7d29e6ae9d3120d01491a07817ce9424a01bb,photometry/OGLE-LMC-RRLYR-03567.dat,17424,726,2373.78772,True
OGLE-LMC-RRLYR-03754,LMC,RRab,0.6135253,2166.74656,,fundamental,b66ecf40b3e606021c2dd87a354f37038394e8a169d1dc6be3a4c1f69addb940,photometry/OGLE-LMC-RRLYR-03754.dat,7872,328,2373.74383,True
OGLE-LMC-RRLYR-03806,LMC,RRc,0.2700333,2166.8169,,first overtone,244f62c3f9395225174fe5fcdf786b9b43a05ff09de6f56f475da9806f229260,photometry/OGLE-LMC-RRLYR-03806.dat,8688,362,2373.74367,True
OGLE-LMC-RRLYR-04028,LMC,RRe,0.2409209,2166.71007,,catalog RRe,d0df3ac0077bb643d2c6df6a96358ae1b104bb44bcc0e8898f217f1b6ae5311f,photometry/OGLE-LMC-RRLYR-04028.dat,8688,362,2373.74367,True
OGLE-LMC-RRLYR-04081,LMC,RRab,0.5867531,2166.39839,,fundamental,6eb0202f7bb64ffb19b5d8f982820fcd61c9d85f15ecb58f369e6f06bc026ca9,photometry/OGLE-LMC-RRLYR-04081.dat,8736,364,2373.74064,True
OGLE-LMC-RRLYR-04287,LMC,RRab,0.6333042,2166.86662,,fundamental,06568da93eb97d347bfb1326102e8abe1df8ed09c6e1a14f969f6340151a333d,photometry/OGLE-LMC-RRLYR-04287.dat,9120,380,2373.7409,True
OGLE-LMC-RRLYR-04400,LMC,RRab,0.5060069,726.35059,,fundamental,85661a8e59039fd4b175106c60a5ef2ebbf64a115c96a003327c544d295fa595,photometry/OGLE-LMC-RRLYR-04400.dat,14232,593,3813.82835,True
OGLE-LMC-RRLYR-04497,LMC,RRab,0.5264743,726.27675,,fundamental,772ee7da73a50bb4070fad2ccd23de7cb06c6146d1a9a8528271a43d5217ecc8,photometry/OGLE-LMC-RRLYR-04497.dat,15624,651,3813.83921,True
OGLE-LMC-RRLYR-04643,LMC,RRd,0.3605884,2166.80471,0.4844985,first overtone,0b967019445179af477c0c1621a551bdad27c74604c2220e2d402f9c8053c6a8,photometry/OGLE-LMC-RRLYR-04643.dat,2640,110,2373.7409,True
OGLE-LMC-RRLYR-04644,LMC,RRe,0.2816368,2166.81296,,catalog RRe,92ec7896df26c92f040fff58cdbba03e2969d849441c95a04595c02c90e26c71,photometry/OGLE-LMC-RRLYR-04644.dat,8664,361,2373.74367,True
OGLE-LMC-RRLYR-04822,LMC,RRc,0.3391724,465.57346,,first overtone,e14e75ad88807e9ef24c6a1c825d6af52101504429cac3555faf3687cb01e405,photometry/OGLE-LMC-RRLYR-04822.dat,14424,601,4074.86257,True
OGLE-LMC-RRLYR-05011,LMC,RRab,0.5136177,465.74439,,fundamental,3f3a71e8bc2bd67bc3048736885d797871c040bf47006634cb803b1361f9b618,photometry/OGLE-LMC-RRLYR-05011.dat,16464,686,4074.867169999999,True
OGLE-LMC-RRLYR-05089,LMC,RRab,0.6720175,2166.68145,,fundamental,72c2f1648eba7d07952202d2a301ff593d37bb4187d8f9dbb87289c1b29f45d2,photometry/OGLE-LMC-RRLYR-05089.dat,8376,349,2373.74383,True
OGLE-LMC-RRLYR-05100,LMC,RRab,0.6027858,726.72519,,fundamental,b9abfa003433ffbcebbe5b316ab7d930f4a54c7a67aca46699789667bb08d88d,photometry/OGLE-LMC-RRLYR-05100.dat,15696,654,3813.8384,True
OGLE-LMC-RRLYR-05170,LMC,RRab,0.4358326,2166.59777,,fundamental,30e3906508a5153ab8aeb59d6d043d4f7d23402b7cc534cd26450cd8791844a3,photometry/OGLE-LMC-RRLYR-05170.dat,8688,362,2373.74367,True
OGLE-LMC-RRLYR-05219,LMC,RRc,0.3192881,726.70234,,first overtone,3a631c7ef25cb40d600fde5a34e599ff930352ff3cc931b10b2ad23cf4968469,photometry/OGLE-LMC-RRLYR-05219.dat,15720,655,3813.83952,True
OGLE-LMC-RRLYR-05290,LMC,RRab,0.6977724,465.63481,,fundamental,1c4120352eaa7d8e23b487448c900fffcd0fa6bc7e3310a69c31fa9f754410c5,photometry/OGLE-LMC-RRLYR-05290.dat,16536,689,4074.86185,True
OGLE-LMC-RRLYR-05448,LMC,RRab,0.6333875,2166.87235,,fundamental,af980a79f995e473f5c27804527233261e0637e505aaa5abc1963b04d0c6e912,photometry/OGLE-LMC-RRLYR-05448.dat,8976,374,2373.7408000000005,True
OGLE-LMC-RRLYR-05501,LMC,RRd,0.368388,2166.75504,0.4945325,first overtone,4c5cf819e19c005005f00987c7449b201e8b566fb089f86adc3d56e245611bd6,photometry/OGLE-LMC-RRLYR-05501.dat,8952,373,2373.7408000000005,True
OGLE-LMC-RRLYR-05898,LMC,RRab,0.4738873,2166.83203,,fundamental,f511b3ecc696b9e6bc90af28fe44e2ecb7f6a30a0bf82a885fef88f25b7a1f9f,photometry/OGLE-LMC-RRLYR-05898.dat,19944,831,2374.69257,True
OGLE-LMC-RRLYR-05948,LMC,RRab,0.5541842,2167.40244,,fundamental,02ada6fad04ea3c450a752a4783e5615a123c787142bccf27b730bcc100499f9,photometry/OGLE-LMC-RRLYR-05948.dat,12840,535,2373.75016,True
OGLE-LMC-RRLYR-05955,LMC,RRab,0.6484818,2166.61701,,fundamental,afb0e26986e1a884336144c767acda063f0014bd16257650764579be8e0a1491,photometry/OGLE-LMC-RRLYR-05955.dat,8904,371,2373.74435,True
OGLE-LMC-RRLYR-05987,LMC,RRd,0.3463878,2167.82092,0.4662509,first overtone,0e8ce5db6f6ce2c5602f1bb73806149fcb1c23c89d005cc79bb50e30addc9d6a,photometry/OGLE-LMC-RRLYR-05987.dat,8664,361,2373.7499999999995,True
OGLE-LMC-RRLYR-06088,LMC,RRab,0.5842764,2166.46059,,fundamental,1ab0b26cd5578d32243cf8c96543bd51db4ad574f656f8c16a4776dcfd270e13,photometry/OGLE-LMC-RRLYR-06088.dat,8736,364,2373.74064,True
OGLE-LMC-RRLYR-06137,LMC,RRab,0.5548806,2166.72887,,fundamental,3d6a8c3c3ff85e60b2735644871a2871822120200012b1b5a1f566063fba36bd,photometry/OGLE-LMC-RRLYR-06137.dat,8736,364,2373.74064,True
OGLE-LMC-RRLYR-06141,LMC,RRab,0.5679125,2167.35518,,fundamental,a101e22456e091ce821596dc1add5b6a51bde6675cb5e4ca7a31aff5eb2f3072,photometry/OGLE-LMC-RRLYR-06141.dat,11520,480,2373.75016,True
OGLE-LMC-RRLYR-06285,LMC,RRab,0.5551957,726.47101,,fundamental,cdf148f78acec1c9238c7ea68a1c81612dfe577aef5f1e05ea38b1fec8a88bf8,photometry/OGLE-LMC-RRLYR-06285.dat,19680,820,3814.80443,True
OGLE-LMC-RRLYR-06338,LMC,RRab,0.5912025,457.56662,,fundamental,b8d82a46631a435c790e77efebb7f530e6999e567793f2b4608d220454d811af,photometry/OGLE-LMC-RRLYR-06338.dat,16608,692,4083.820349999999,True
OGLE-LMC-RRLYR-06379,LMC,RRab,0.521361,2167.67582,,fundamental,abed43a40b97340dd67d1fbf6c3625185aca167265d185562204b37c06bcf3a2,photometry/OGLE-LMC-RRLYR-06379.dat,9144,381,2373.7504,True
OGLE-LMC-RRLYR-06437,LMC,RRab,0.5514975,2167.66663,,fundamental,80511e91df4cd527662bf18fb8a38b18d584bb4c887b6473b774e3f926767a19,photometry/OGLE-LMC-RRLYR-06437.dat,12864,536,2373.75016,True
OGLE-LMC-RRLYR-06618,LMC,RRab,0.6375206,2167.55769,,fundamental,1380df94f8a0d72bc183b376ebe230d40cf067c1e58db86dc8fc232aaac4009d,photometry/OGLE-LMC-RRLYR-06618.dat,9120,380,2373.7504,True
OGLE-LMC-RRLYR-06931,LMC,RRc,0.364301,457.6002,,first overtone,b43e082f68d9b3d71d3a14a65976a785a3f3a5756197e040876634b05e79df5f,photometry/OGLE-LMC-RRLYR-06931.dat,17136,714,4083.8204099999994,True
OGLE-LMC-RRLYR-06936,LMC,RRab,0.516641,2167.41789,,fundamental,68c79c52eb6dc8d4a83a70179efc3d5bde2e33f3b96c6307063465f98e56b687,photometry/OGLE-LMC-RRLYR-06936.dat,8832,368,2373.7504,True
OGLE-LMC-RRLYR-07120,LMC,RRab,0.5836687,457.30569,,fundamental,33329902438021cde1f432e4051ef925bc497f233423579d949c0641e55a3635,photometry/OGLE-LMC-RRLYR-07120.dat,17184,716,4083.82521,True
OGLE-LMC-RRLYR-07147,LMC,RRab,0.8434891,457.14399,,fundamental,e7972d004d95ab883eb57c6528c08006093b3dcd2c9a9625e73a798a19346c41,photometry/OGLE-LMC-RRLYR-07147.dat,18216,759,4083.82509,True
OGLE-LMC-RRLYR-07156,LMC,RRc,0.3536294,457.69591,,first overtone,5e78a06e6df0a85e06b030f66e4d5ff815fc3a9c39e55116d16ccd93f2b5a539,photometry/OGLE-LMC-RRLYR-07156.dat,17256,719,4083.8195099999994,True
OGLE-LMC-RRLYR-07295,LMC,RRab,0.5534127,2167.52708,,fundamental,133fc5caa411f58dd5e2f524b3a5b6455b9760e5f877e41b5370b87ed0cacc76,photometry/OGLE-LMC-RRLYR-07295.dat,12840,535,2373.75016,True
OGLE-LMC-RRLYR-07395,LMC,RRab,0.5594484,457.7496,,fundamental,72183e9ad81a8f66ba46e59c89d8f947435cb6b49f56019e88751a5d0211d09f,photometry/OGLE-LMC-RRLYR-07395.dat,18312,763,4083.82544,True
OGLE-LMC-RRLYR-07506,LMC,RRab,0.547486,457.40192,,fundamental,8a4a6b79089971332afb81e6308914bab4b9198dde04b7823248665e5ac1a4ce,photometry/OGLE-LMC-RRLYR-07506.dat,28296,1179,4083.83817,True
OGLE-LMC-RRLYR-07747,LMC,RRab,0.6009022,2167.7724,,fundamental,5fb0daa89899d0f686988979279155f7927a940d545739d0d2639de6559b7417,photometry/OGLE-LMC-RRLYR-07747.dat,6600,275,2373.75054,True
OGLE-LMC-RRLYR-07839,LMC,RRab,0.6166003,457.41479,,fundamental,0582f0dff5aaefb0c048a811799de893d85f66f4d3191078c2a3efae24b8f1c3,photometry/OGLE-LMC-RRLYR-07839.dat,18528,772,4083.83292,True
OGLE-LMC-RRLYR-07881,LMC,RRab,0.6225234,2167.72749,,fundamental,e0e2b5f0e867fff0843c5476ae51f2d801e4abade6a1b14999c7c8b6a9c04f0e,photometry/OGLE-LMC-RRLYR-07881.dat,8904,371,2373.75035,True
OGLE-LMC-RRLYR-07905,LMC,RRc,0.4023661,457.46533,,first overtone,7cbae02507912a6ba1113ea0ce29c700a51c51ce31078e2525955b9e3fb750da,photometry/OGLE-LMC-RRLYR-07905.dat,18816,784,4083.83285,True
OGLE-LMC-RRLYR-07917,LMC,RRab,0.5532168,457.20502,,fundamental,79081ed4e2e3e6129829d22cea4a79d21c8607d12b1f48b28739a1287ec81392,photometry/OGLE-LMC-RRLYR-07917.dat,21216,884,4083.83804,True
OGLE-LMC-RRLYR-07954,LMC,RRab,0.5189743,2167.46429,,fundamental,4d7ff7f62fd3527b1086cb78f2ab46226bbe65d64891ab5bb7b12dc23839c7d4,photometry/OGLE-LMC-RRLYR-07954.dat,8904,371,2373.75035,True
OGLE-LMC-RRLYR-08042,LMC,RRd,0.3635973,2167.63002,0.4881844,first overtone,c73ccdebdc4f7f31f51d0244ca1c757ef3d08f7ddc1d8c5263b57ab426891227,photometry/OGLE-LMC-RRLYR-08042.dat,9144,381,2373.75054,True
OGLE-LMC-RRLYR-08138,LMC,RRab,0.5493403,2167.65346,,fundamental,4c51a6299b066d3c383d9596890a678c85f31c8e773012646276408e9d822a03,photometry/OGLE-LMC-RRLYR-08138.dat,8616,359,2373.7499999999995,True
OGLE-LMC-RRLYR-08214,LMC,RRab,0.5183088,2167.39086,,fundamental,86a528a8012b04ec08c3098c3944cdd6906a1fc8227bb95c6503921d5f29ab20,photometry/OGLE-LMC-RRLYR-08214.dat,12000,500,2373.7539799999995,True
OGLE-LMC-RRLYR-08309,LMC,RRab,0.5615883,2167.74885,,fundamental,c96f1a74b6006695a4579d559a9d1d756b404f5800971cdd54c5110f78094705,photometry/OGLE-LMC-RRLYR-08309.dat,8592,358,2373.7504,True
OGLE-LMC-RRLYR-08312,LMC,RRab,0.5596095,457.59265,,fundamental,aa7458bb1527f0690c4530e4a708727bc4b2e2629f62d1aa9b7f47b14420f350,photometry/OGLE-LMC-RRLYR-08312.dat,18336,764,4083.83224,True
OGLE-LMC-RRLYR-08344,LMC,RRab,0.6396383,2167.50731,,fundamental,25f89ab40141f51bc68faff82b171b1c0f990c6383b173b6e6ad85788081b1ed,photometry/OGLE-LMC-RRLYR-08344.dat,12840,535,2373.75016,True
OGLE-LMC-RRLYR-08371,LMC,RRab,0.5098867,2167.8391,,fundamental,552443ca36c8047c1bddd4a55156f54ded4a2622a08059faedd4fc6035f29159,photometry/OGLE-LMC-RRLYR-08371.dat,8664,361,2373.7499999999995,True
OGLE-LMC-RRLYR-08560,LMC,RRab,0.6206495,2167.2597,,fundamental,541bcd644cca4376046402b99432d797a9038c0cd75fb5141e3fb448a4146855,photometry/OGLE-LMC-RRLYR-08560.dat,8928,372,2373.75035,True
OGLE-LMC-RRLYR-08599,LMC,RRab,0.4739518,2192.80599,,fundamental,1dfb33b3a831bb9a3c31b6a9fe60c6c7789bd461540852fab1508b1db3f794e9,photometry/OGLE-LMC-RRLYR-08599.dat,10752,448,2346.7185999999997,True
OGLE-LMC-RRLYR-08672,LMC,RRab,0.5770221,457.62569,,fundamental,56510e538172eb59a13b8585da96bba81ad455398de0949badab690ac55741f0,photometry/OGLE-LMC-RRLYR-08672.dat,18408,767,4083.83246,True
OGLE-LMC-RRLYR-08879,LMC,RRc,0.4342648,457.25283,,first overtone,5662e35b222033e34fa229acf8262e1a3c8df65d2ad4d6d2024db69d2088bb35,photometry/OGLE-LMC-RRLYR-08879.dat,18264,761,4083.93647,True
OGLE-LMC-RRLYR-08925,LMC,RRab,0.4723751,457.3104,,fundamental,54310300dbafa74a21e194a7bef79c9cd1641e2a65b9e07d88d794ecf1ed2327,photometry/OGLE-LMC-RRLYR-08925.dat,16896,704,4024.0314,True
OGLE-LMC-RRLYR-09003,LMC,RRab,0.639872,2161.52101,,fundamental,9b63b690014d5d91bca5016ab51e281d88e95c7029bdb809652f3dd85f80d1dd,photometry/OGLE-LMC-RRLYR-09003.dat,8232,343,2379.75635,True
OGLE-LMC-RRLYR-09091,LMC,RRc,0.4322814,2167.62412,,first overtone,d707612baba6a1cd87cffbb167f9dbf3d9d3e67cdb0af85883eaf9c1f1ec5032,photometry/OGLE-LMC-RRLYR-09091.dat,12744,531,2373.75016,True
OGLE-LMC-RRLYR-09283,LMC,RRab,0.7321885,457.38457,,fundamental,dafbca5442ce986e90859aa5b95c4790d6d0963632f4a93d51c7e23de40c67c2,photometry/OGLE-LMC-RRLYR-09283.dat,18480,770,4083.97246,True
OGLE-LMC-RRLYR-09295,LMC,RRab,0.5578019,457.30645,,fundamental,b3eac3fe23e85caf312bd7a36506a61a4f77ff589416b29a03bd4c306caba564,photometry/OGLE-LMC-RRLYR-09295.dat,25752,1073,4083.956869999999,True
OGLE-LMC-RRLYR-09309,LMC,RRab,0.6454107,2123.33837,,fundamental,f20f3a6c8e6dbae445ff5b42d3fe9c4bd84fefce2078dacf85cd88c5f546c785,photometry/OGLE-LMC-RRLYR-09309.dat,9144,381,2417.68528,True
OGLE-LMC-RRLYR-09337,LMC,RRab,0.4729444,457.62254,,fundamental,3b05cf03156f9862c61f5c08f5c8e325859c9a0bded1ed6f18a50620d4b970a3,photometry/OGLE-LMC-RRLYR-09337.dat,18744,781,4083.95886,True
OGLE-LMC-RRLYR-09378,LMC,RRe,0.246329,457.42228,,catalog RRe,f3d384009336614af73c42bcaad27bf2738eea6c6fc5684baa2db0018cc915f6,photometry/OGLE-LMC-RRLYR-09378.dat,18768,782,4083.95937,True
OGLE-LMC-RRLYR-09380,LMC,RRab,0.5267323,2156.67498,,fundamental,7af76dc878276f468670730fa0d9d16ce775f724339c1d4ae75a6ed253184fcf,photometry/OGLE-LMC-RRLYR-09380.dat,8856,369,2384.7235899999996,True
OGLE-LMC-RRLYR-09422,LMC,RRc,0.4072845,2123.85584,,first overtone,257a7dda3e92b51b88092ea20ac5bb104c4e706bbb635b2db20cebac2fb2b3e1,photometry/OGLE-LMC-RRLYR-09422.dat,9288,387,2417.6871499999997,True
OGLE-LMC-RRLYR-09665,LMC,RRab,0.5597914,2123.85868,,fundamental,fd111fe72c811c77503e7b9132f19223a08c99f598dd2199cd8d24fa28c57b15,photometry/OGLE-LMC-RRLYR-09665.dat,9144,381,2417.68528,True
OGLE-LMC-RRLYR-09805,LMC,RRd,0.3697962,2161.70339,0.4967537,first overtone,ddfd988cc47351f29f3616f34436cd24cb9a39b0cd2406c8a143135c9d0fff50,photometry/OGLE-LMC-RRLYR-09805.dat,8736,364,2379.7564799999996,True
OGLE-LMC-RRLYR-09934,LMC,RRab,0.5699031,2161.67414,,fundamental,cdd2ed3e1dad02c01dad228821486221d1ee17d0ed9e159a1a2224bce7993878,photometry/OGLE-LMC-RRLYR-09934.dat,8304,346,2379.75635,True
OGLE-LMC-RRLYR-10001,LMC,RRab,0.4837025,2123.69129,,fundamental,4224860c803349c559b199c2d425f1e72020c0f0bf9bc46a66b9daafa7a5bde8,photometry/OGLE-LMC-RRLYR-10001.dat,9288,387,2417.6871499999997,True
OGLE-LMC-RRLYR-10223,LMC,RRe,0.2327756,455.6465,,catalog RRe,630caa8fee7c338cfdfa5edbaa24379d9c0d1e79e8f6da78ecb6ffaa6163d99f,photometry/OGLE-LMC-RRLYR-10223.dat,27120,1130,4085.926359999999,True
OGLE-LMC-RRLYR-10243,LMC,RRab,0.4902545,456.59362,,fundamental,7271e0c138ee5fb8cb7982baca45f9c45b3ca923eb72e0286462ac70b7dabba8,photometry/OGLE-LMC-RRLYR-10243.dat,27336,1139,4084.91735,True
OGLE-LMC-RRLYR-10356,LMC,RRc,0.3366429,456.47355,,first overtone,a591db595f6ab33873a597e987342bed5a163e7c4794cf0217d1295c42759777,photometry/OGLE-LMC-RRLYR-10356.dat,21216,884,4084.917249999999,True
OGLE-LMC-RRLYR-10464,LMC,RRab,0.5103495,2123.4696,,fundamental,9478f18bf26e6d8223b277f96268d552dd0d02b1c55f98ca218472381bb5ad9c,photometry/OGLE-LMC-RRLYR-10464.dat,8424,351,2417.6871499999997,True
OGLE-LMC-RRLYR-10540,LMC,RRc,0.2792875,455.50809,,first overtone,d243fc8facb0e695ba25cd4b126ba0b7fabaf2b5804fc4c0112cbed37f031860,photometry/OGLE-LMC-RRLYR-10540.dat,21240,885,4085.92563,True
OGLE-LMC-RRLYR-10602,LMC,RRc,0.3998397,455.54582,,first overtone,1d74a8edcc93ab246304b3515ef519f1b93066ad03ca672e2ba6c8b4b9d92c5d,photometry/OGLE-LMC-RRLYR-10602.dat,21312,888,4085.9259699999993,True
OGLE-LMC-RRLYR-10645,LMC,RRab,0.4916034,2161.75972,,fundamental,1bdbf2925a181800b1731c35fa7fefd08ad916c9f12744b96188243402695496,photometry/OGLE-LMC-RRLYR-10645.dat,8712,363,2379.7564799999996,True
OGLE-LMC-RRLYR-10688,LMC,RRc,0.3324904,2161.70709,,first overtone,1b1f7e0e81dd528190203356f0d9a646b591fc4bb35ee2c3af11814bf97200c9,photometry/OGLE-LMC-RRLYR-10688.dat,8592,358,2379.75635,True
OGLE-LMC-RRLYR-10710,LMC,RRc,0.3707498,2161.64833,,first overtone,2e082e798e6b93f3808a87203a2b7e01d8bbfa07f329c8722bb9e4e369e6d920,photometry/OGLE-LMC-RRLYR-10710.dat,8736,364,2379.7564799999996,True
OGLE-LMC-RRLYR-10748,LMC,RRab,0.5723994,455.18207,,fundamental,1e3e57fca74d11b58702975f65511d5b8b100981522e9db1a59ab26965fb80b7,photometry/OGLE-LMC-RRLYR-10748.dat,23736,989,4085.9372,True
OGLE-LMC-RRLYR-10800,LMC,RRab,0.5793283,456.13218,,fundamental,c2552f7b83b8e91ed850a16aa57b3054be92c89e5389f5d0728cbebd6ee7a855,photometry/OGLE-LMC-RRLYR-10800.dat,21264,886,4084.917249999999,True
OGLE-LMC-RRLYR-10871,LMC,RRab,0.5851013,2161.766,,fundamental,09f01601603a9ba8c07994ef530ef50ae3586cbc58642355d7a05f841405e2df,photometry/OGLE-LMC-RRLYR-10871.dat,8592,358,2379.75635,True
OGLE-LMC-RRLYR-10921,LMC,RRab,0.5882244,2123.40018,,fundamental,c4cd7513ece1a8ae6ed3c6bcfb3b664caf05bf5b4ccb966de8dd263b8686d7bd,photometry/OGLE-LMC-RRLYR-10921.dat,9144,381,2417.68528,True
OGLE-LMC-RRLYR-11297,LMC,RRc,0.3100237,2123.76779,,first overtone,c42e7dfdf6e21688657a675a905bb18e5c66b02512a8039f14d394ef28ffebe3,photometry/OGLE-LMC-RRLYR-11297.dat,9096,379,2417.68528,True
OGLE-LMC-RRLYR-11392,LMC,RRd,0.3714807,2173.8617,0.4985383,first overtone,8d4a74bb5f02ca63850bef1edca7f32df695a0f46a18f7675fe114e810b853e9,photometry/OGLE-LMC-RRLYR-11392.dat,6408,267,2367.74317,True
OGLE-LMC-RRLYR-11486,LMC,RRe,0.2980557,2123.89491,,catalog RRe,0116962f3e2f1dd1671a64c45dee6ce1f039968cf838644d4ddc604bfc61f30a,photometry/OGLE-LMC-RRLYR-11486.dat,10632,443,2415.57794,True
OGLE-LMC-RRLYR-11593,LMC,RRab,0.6236491,455.63589,,fundamental,317c0e128e2babbbca4980a39abb6bca80856dadf05d861528eac7c84c42e630,photometry/OGLE-LMC-RRLYR-11593.dat,21216,884,4085.924289999999,True
OGLE-LMC-RRLYR-11720,LMC,RRc,0.3357677,455.35752,,first overtone,09499b843edc4f0c31c009d5425b9500156c1af7afed547acd8b4abf2fcd80bd,photometry/OGLE-LMC-RRLYR-11720.dat,30480,1270,4085.93763,True
OGLE-LMC-RRLYR-11969,LMC,RRab,0.6194272,2123.57619,,fundamental,bd698f4a7b4236dbbccce6cf7363eda6e57f9dc8bb2ca5da9eb7bccbc575be06,photometry/OGLE-LMC-RRLYR-11969.dat,9288,387,2417.6871499999997,True
OGLE-LMC-RRLYR-12135,LMC,RRab,0.479028,2161.57669,,fundamental,61be323b7d7ca8a06ee484ab05070dce15943f127e532f34a9cfdc0f43dfb302,photometry/OGLE-LMC-RRLYR-12135.dat,8592,358,2379.75635,True
OGLE-LMC-RRLYR-12596,LMC,RRab,0.506682,2123.73627,,fundamental,fc6f20f11d84558dd16a7f7bbee41282bdff65c0333d950934cd2310e4707d75,photometry/OGLE-LMC-RRLYR-12596.dat,9288,387,2417.6871499999997,True
OGLE-LMC-RRLYR-12850,LMC,RRc,0.3105034,831.60923,,first overtone,63b1c6aada12dc6f456f3b977db137ba5c9a7dafed7e2e25dd26a7521b5bc55f,photometry/OGLE-LMC-RRLYR-12850.dat,16056,669,3709.98881,True
OGLE-LMC-RRLYR-12880,LMC,RRab,0.4975722,455.56834,,fundamental,67f7b8ffbbfd2e136178560ef31364bc0b73b2bbede9b7f413d7fbf605501983,photometry/OGLE-LMC-RRLYR-12880.dat,21144,881,4085.94783,True
OGLE-LMC-RRLYR-12884,LMC,RRab,0.6260212,831.55443,,fundamental,3f53dcf6f5257ca05dbe5632432c4f63b8ce93873443bf7599d6e52ab2af68dc,photometry/OGLE-LMC-RRLYR-12884.dat,15960,665,3709.99142,True
OGLE-LMC-RRLYR-13219,LMC,RRab,0.5276092,2167.81945,,fundamental,df82d4b7ed80bfe7246fd38dfde838fdcbe438a8cc7d839569d47e00ffd02914,photometry/OGLE-LMC-RRLYR-13219.dat,12336,514,2373.77994,True
OGLE-LMC-RRLYR-13240,LMC,RRc,0.3723583,455.50892,,first overtone,d6689116c34f3e5ea91f470fd807a7a47b0e0335b1212d0d5f28cdf56ac51e05,photometry/OGLE-LMC-RRLYR-13240.dat,30312,1263,4085.98407,True
OGLE-LMC-RRLYR-13290,LMC,RRc,0.3632191,455.62137,,first overtone,396ae836d63bcdced58f5f59054461258a398fe4c00791065d2525245771a758,photometry/OGLE-LMC-RRLYR-13290.dat,20784,866,4085.97754,True
OGLE-LMC-RRLYR-13546,LMC,RRc,0.2858664,455.6309,,first overtone,2b14f0fefbb3e34ffdee067b2ae1b479443f461b083da96cae169c6fecc646c1,photometry/OGLE-LMC-RRLYR-13546.dat,21000,875,4085.98485,True
OGLE-LMC-RRLYR-13594,LMC,RRab,0.5448067,455.38765,,fundamental,d98bb06bee6174a535511b50bf6c40789eb19f4a0fd1f7e756c8684f1eb2e10d,photometry/OGLE-LMC-RRLYR-13594.dat,20976,874,4085.98458,True
OGLE-LMC-RRLYR-13655,LMC,RRc,0.3558497,2167.75375,,first overtone,2c810cdfce3654cd244d69dc204a505c0b4fc12d93bae98b658e605aa4d19ee2,photometry/OGLE-LMC-RRLYR-13655.dat,8664,361,2373.77949,True
OGLE-LMC-RRLYR-13689,LMC,RRab,0.5651825,2167.51605,,fundamental,a5b8b4f225a5500f9d03674353b5d37678db655f49a5d9d59f52543de99f3c1e,photometry/OGLE-LMC-RRLYR-13689.dat,8664,361,2373.77949,True
OGLE-LMC-RRLYR-13695,LMC,RRab,0.5980469,446.1872,,fundamental,a5e51b3020711c7fb11336aee6e7963d6ea6b695b4d89be25c09bdee85ef8c39,photometry/OGLE-LMC-RRLYR-13695.dat,21144,881,4094.92488,True
OGLE-LMC-RRLYR-13749,LMC,RRab,0.5890409,446.36667,,fundamental,2b19834f008c6bec84967357ef8bb90c3fd110681e586fb38bde543c6b396c12,photometry/OGLE-LMC-RRLYR-13749.dat,21096,879,4094.92477,True
OGLE-LMC-RRLYR-13777,LMC,RRd,0.3433956,2167.77927,0.4623573,first overtone,0c38320746dfb0ae6b429217d77637d2072d8759ad2f3b31ad82684d97f929c7,photometry/OGLE-LMC-RRLYR-13777.dat,8928,372,2373.7798200000007,True
OGLE-LMC-RRLYR-13801,LMC,RRab,0.5696144,2167.38434,,fundamental,b0fdd2fb13a57fa2d9fffbf33cc017d181a94128b9dfd870c17c864a262c5139,photometry/OGLE-LMC-RRLYR-13801.dat,8544,356,2373.7793600000005,True
OGLE-LMC-RRLYR-14052,LMC,RRab,0.5252979,446.26922,,fundamental,efdd455d6c66741be9a4393f7c2365d172975f4da508de0d3ae3e6521ea10038,photometry/OGLE-LMC-RRLYR-14052.dat,20856,869,4092.842450000001,True
OGLE-LMC-RRLYR-14094,LMC,RRab,0.5281677,2167.7307,,fundamental,1540b6c595418863fc18e98d17a32deaf366795d84c8b8e3822648d2d6dd2d85,photometry/OGLE-LMC-RRLYR-14094.dat,8928,372,2373.7798200000007,True
OGLE-LMC-RRLYR-14221,LMC,RRab,0.5049349,2167.6075,,fundamental,73e622f1fea2d2f0723fa3f0c5e4bd7cae674866d8fc91cba9f0fb7484fc6d12,photometry/OGLE-LMC-RRLYR-14221.dat,8616,359,2373.7793600000005,True
OGLE-LMC-RRLYR-14262,LMC,RRc,0.3124302,2167.76849,,first overtone,f4f24fd409d41daddae5e56cd3c7b821b037313b4d631f19fa71c68c90abb932,photometry/OGLE-LMC-RRLYR-14262.dat,8664,361,2373.77949,True
OGLE-LMC-RRLYR-14265,LMC,RRab,0.5834382,2173.80827,,fundamental,d4c207ff31ec31a9dc410d9d7235b95b279d3385fafae38ac673d8c9602bbf51,photometry/OGLE-LMC-RRLYR-14265.dat,8736,364,2367.7458199999996,True
OGLE-LMC-RRLYR-14278,LMC,RRab,0.6258163,446.33777,,fundamental,2736b671acf60890f7b8429c26e3518625be1cd736c5442b424dfcca5e96b53c,photometry/OGLE-LMC-RRLYR-14278.dat,20520,855,4094.92593,True
OGLE-LMC-RRLYR-14562,LMC,RRab,0.5863665,2167.73505,,fundamental,5fa18a91e038367486610741524a3f831e079d53094a631ec61f5bce882cbe2b,photometry/OGLE-LMC-RRLYR-14562.dat,8664,361,2373.77949,True
OGLE-LMC-RRLYR-14718,LMC,RRab,0.4722652,455.55388,,fundamental,1efaec8b7fd95b76a6427b583bbbd50bb6ad049ff28b89eb8aeb8eb7f01e51eb,photometry/OGLE-LMC-RRLYR-14718.dat,24360,1015,4085.99879,True
OGLE-LMC-RRLYR-14721,LMC,RRe,0.2814608,2167.72493,,catalog RRe,cd26b8e9f41e37571646bc306f3d18ecdf61bc788b96c1dc641b7c18fbaad393,photometry/OGLE-LMC-RRLYR-14721.dat,11544,481,2373.77994,True
OGLE-LMC-RRLYR-14753,LMC,RRab,0.6991232,2190.23469,,fundamental,4265ac4f052ad1a643bce6767f4fec303a089470a8529afc9d073b89a7b4d998,photometry/OGLE-LMC-RRLYR-14753.dat,3144,131,2342.76948,True
OGLE-LMC-RRLYR-14822,LMC,RRab,0.4742127,2167.45435,,fundamental,49d314e1de9bfdc4a823239c4be4bc1c0683a19a621dde807ad132db34515de7,photometry/OGLE-LMC-RRLYR-14822.dat,8520,355,2373.77949,True
OGLE-LMC-RRLYR-14923,LMC,RRc,0.2978767,2192.59436,,first overtone,7fd8ea9d0870355683eda972e5a7adb8a1a5b102e378c902a98bb9e2848ac51d,photometry/OGLE-LMC-RRLYR-14923.dat,3432,143,2348.7773800000004,True
OGLE-LMC-RRLYR-15037,LMC,RRd,0.3559256,2167.73457,0.4783508,first overtone,32d554cc04f6456e43984b564f4cd846a74d8f1cb5ddf61216eba75a507d25cc,photometry/OGLE-LMC-RRLYR-15037.dat,8928,372,2373.7800699999993,True
OGLE-LMC-RRLYR-15087,LMC,RRc,0.3389013,455.52803,,first overtone,bfbe88a43818a8f3c57d82e43a877d87c5aa7bc225e73ce01d09213ac9ae38a6,photometry/OGLE-LMC-RRLYR-15087.dat,21144,881,4085.99453,True
OGLE-LMC-RRLYR-15121,LMC,RRc,0.4255251,2167.46923,,first overtone,3c4a67bb3acceb428258d3765ebc0897eb9012ae8856f1f5e3883899f97e1657,photometry/OGLE-LMC-RRLYR-15121.dat,12192,508,2373.77994,True
OGLE-LMC-RRLYR-15176,LMC,RRab,0.536548,2167.40916,,fundamental,63cea58439511edd0dfb8ae188f2b830bac5a6b18fe49467d1e92222bedfe333,photometry/OGLE-LMC-RRLYR-15176.dat,11880,495,2373.7796,True
OGLE-LMC-RRLYR-15194,LMC,RRc,0.4044342,455.46956,,first overtone,0db2ff1ce878c627b12daa142cf0e45b8e298c5e34c3955740d85a0d0354fc20,photometry/OGLE-LMC-RRLYR-15194.dat,24432,1018,4085.998579999999,True
OGLE-LMC-RRLYR-15241,LMC,RRab,0.5286551,455.52838,,fundamental,80cd61bc3898e10e7feca42476e69bb64129ce46e93f9de63dc170874d2d97e4,photometry/OGLE-LMC-RRLYR-15241.dat,21336,889,4085.987380000001,True
OGLE-LMC-RRLYR-15277,LMC,RRab,0.5823989,455.3263,,fundamental,d6c6b149623a520af6598a369508f0d1bb11745f210bbf897e259ee37d63570a,photometry/OGLE-LMC-RRLYR-15277.dat,21288,887,4085.99353,True
OGLE-LMC-RRLYR-15387,LMC,RRe,0.2607986,455.46785,,catalog RRe,2943588a9dd1a3c0417ad07e1f73b7e8e68a9982cc53c8238db43f49a2d614c5,photometry/OGLE-LMC-RRLYR-15387.dat,24408,1017,4085.998759999999,True
OGLE-LMC-RRLYR-15613,LMC,RRab,0.5460353,455.59008,,fundamental,09225ae0195215d1757de2c9bdd33ea51add3da2ebb69c64b18d9c3eeac0b882,photometry/OGLE-LMC-RRLYR-15613.dat,18024,751,4085.99902,True
OGLE-LMC-RRLYR-15710,LMC,RRab,0.6324941,2167.63475,,fundamental,58fc2e3c6386fa133d09222aedb2892354e3cb0d66904fa94f1194a025e14e60,photometry/OGLE-LMC-RRLYR-15710.dat,8664,361,2373.77949,True
OGLE-LMC-RRLYR-15740,LMC,RRab,0.5518267,2167.65416,,fundamental,dfa8b54f632df34f40c6f649bc9dbe123310d0c512cc72d6da2fa4d1c6fe4623,photometry/OGLE-LMC-RRLYR-15740.dat,7344,306,2350.76558,True
OGLE-LMC-RRLYR-15748,LMC,RRc,0.3767186,2167.82427,,first overtone,acf24e54bc3214fa662f086c2ec7858a9ecc2aea181ac5c95a0e54731c519422,photometry/OGLE-LMC-RRLYR-15748.dat,12360,515,2373.77994,True
OGLE-LMC-RRLYR-15847,LMC,RRab,0.5916191,455.52725,,fundamental,8039a1b92d9de5bebc69fdf834c71d9cec129163510b89fe44a22cf4ca515538,photometry/OGLE-LMC-RRLYR-15847.dat,21336,889,4085.99432,True
OGLE-LMC-RRLYR-15879,LMC,RRab,0.650344,455.43543,,fundamental,0f054add91a4fca7089d073e058511ad131d9cdfbbc3d0b7189ee59cab1abc6a,photometry/OGLE-LMC-RRLYR-15879.dat,21312,888,4085.99162,True
OGLE-LMC-RRLYR-15970,LMC,RRc,0.3430427,2167.56035,,first overtone,302345a2d51bc29edcfbbda71119a1a8c96d5caf33e201b8ae8347172a52dc62,photometry/OGLE-LMC-RRLYR-15970.dat,12048,502,2373.7796,True
OGLE-LMC-RRLYR-16159,LMC,RRab,0.588452,2167.57811,,fundamental,f9015df1136677922b3cc01b16ce1f89cea8d36cdc8ec09f9f7f6cea503f3258,photometry/OGLE-LMC-RRLYR-16159.dat,12048,502,2373.7796,True
OGLE-LMC-RRLYR-16271,LMC,RRab,0.5440144,455.43817,,fundamental,5ad75610c5b033defebc4eff2c3f6460e9377f06dbecffa91327022424525090,photometry/OGLE-LMC-RRLYR-16271.dat,17544,731,4016.9981,True
OGLE-LMC-RRLYR-16444,LMC,RRc,0.3379614,2167.7622,,first overtone,ce2b4f2d61c0b51001c2479ae8fc4ec3ef8590ebd15d76748b2bef96429cc051,photometry/OGLE-LMC-RRLYR-16444.dat,12360,515,2373.77994,True
OGLE-LMC-RRLYR-16491,LMC,RRab,0.5114285,2167.63049,,fundamental,f72701fdd196642101afb26335d282b14e7bc89921c588014f9b8a8baafe0b5a,photometry/OGLE-LMC-RRLYR-16491.dat,8592,358,2373.7793600000005,True
OGLE-LMC-RRLYR-16547,LMC,RRab,0.7616944,2167.21228,,fundamental,a7ae2b1cb0dc8dfc005c4f23137ef8df1d08f90f8ec0c5e0e4d203df44ebf3f6,photometry/OGLE-LMC-RRLYR-16547.dat,11064,461,2373.7796,True
OGLE-LMC-RRLYR-16651,LMC,RRab,0.5993226,2167.72694,,fundamental,9690c4ad9e06bb036ebe811739f894fb86d6bb23e6c2a263d1c9eb6ae91c1aa8,photometry/OGLE-LMC-RRLYR-16651.dat,11304,471,2373.7796,True
OGLE-LMC-RRLYR-16667,LMC,RRab,0.7497471,2167.57353,,fundamental,1f5b4af6629627bb212fd3dceb830a730a9ad7d0930a751a1c838440ccabdb0f,photometry/OGLE-LMC-RRLYR-16667.dat,12504,521,2374.6146599999997,True
OGLE-LMC-RRLYR-16741,LMC,RRc,0.3413315,2167.78391,,first overtone,240841eb24f45eed8addd9b175f572a8387090dc2dec3f54c9ea8c535249745a,photometry/OGLE-LMC-RRLYR-16741.dat,11976,499,2373.7796,True
OGLE-LMC-RRLYR-16757,LMC,RRab,0.4851382,2167.74109,,fundamental,b4e5e61eee89a71179289694ad0e1c5fae783f722092975c8def9c00b69187ba,photometry/OGLE-LMC-RRLYR-16757.dat,8640,360,2373.77949,True
OGLE-LMC-RRLYR-16763,LMC,RRe,0.2530904,2167.68137,,catalog RRe,ed69d15236c86e11957ce407469d68ad478d44e589505d0758c3c1e147cea774,photometry/OGLE-LMC-RRLYR-16763.dat,12504,521,2374.6145100000003,True
OGLE-LMC-RRLYR-16765,LMC,RRab,0.5964564,2186.32251,,fundamental,9baa92cde63dda4b0c0dfa729d28a65f70e5205af65d4958eee32cace8505298,photometry/OGLE-LMC-RRLYR-16765.dat,3984,166,2352.72311,True
OGLE-LMC-RRLYR-16778,LMC,RRab,0.7422783,2167.20904,,fundamental,fc87c0e29c1ff3b6de04566412562e74539badf447becf64e8176e3b79c3f907,photometry/OGLE-LMC-RRLYR-16778.dat,8664,361,2373.77949,True
OGLE-LMC-RRLYR-16821,LMC,RRab,0.6328853,2167.45744,,fundamental,6c9cb7b68c60ddca8a22dc11ff6591a8d32c14574200bae0680e2a671b8cef82,photometry/OGLE-LMC-RRLYR-16821.dat,12456,519,2374.6146599999997,True
OGLE-LMC-RRLYR-16895,LMC,RRab,0.5104623,2167.86595,,fundamental,a6b32cfe55c45f2bcc147bd9fa90e40dfc4c6745c437216e228640aa596f4cb7,photometry/OGLE-LMC-RRLYR-16895.dat,8664,361,2373.77949,True
OGLE-LMC-RRLYR-16914,LMC,RRab,0.6969575,2167.69368,,fundamental,c9658875ff9b473d5702b9db318d0fcb44d5dbde2e373505128f6d4cce3a7f5d,photometry/OGLE-LMC-RRLYR-16914.dat,8664,361,2373.77949,True
OGLE-LMC-RRLYR-16971,LMC,RRc,0.3597198,455.48629,,first overtone,131f36994cc2f0d372af22ee266d8d9dcccb3a48d361eb404137d59764d1600f,photometry/OGLE-LMC-RRLYR-16971.dat,24720,1030,4086.85663,True
OGLE-LMC-RRLYR-17025,LMC,RRab,0.4912329,455.59467,,fundamental,cbda975928a1dc999cd2cdf79d1df67a233c47f005847a63dcbd07e3c9463f3b,photometry/OGLE-LMC-RRLYR-17025.dat,22032,918,4086.8624,True
OGLE-LMC-RRLYR-17118,LMC,RRab,0.6297366,2167.58114,,fundamental,b67d928caf738ae5343c608c1ac4417fb7e1bbe1cdc1de872bf7ccecc1eb374c,photometry/OGLE-LMC-RRLYR-17118.dat,12504,521,2374.6146599999997,True
OGLE-LMC-RRLYR-17261,LMC,RRab,0.5357626,2167.62243,,fundamental,e4edfd68da6445b7014cc60c8b2d5d347005e4ed786e309df439ac000dd80ba9,photometry/OGLE-LMC-RRLYR-17261.dat,8592,358,2374.6142099999997,True
OGLE-LMC-RRLYR-17321,LMC,RRab,0.5922268,2167.61813,,fundamental,d85fa8b287b5562f7b0385bfc1e1c64c7b38b02315417e07a6beaef298ef957b,photometry/OGLE-LMC-RRLYR-17321.dat,11832,493,2374.61407,True
OGLE-LMC-RRLYR-17399,LMC,RRab,0.5211643,2167.73807,,fundamental,fdf340effcb2661d99c8c73cd971af041bb7d720e6ed5190aba888a4a4562d96,photometry/OGLE-LMC-RRLYR-17399.dat,12504,521,2374.6145100000003,True
OGLE-LMC-RRLYR-17527,LMC,RRe,0.2771503,2167.6908,,catalog RRe,beb383bafea231966c8109d57528b7b0b8717cb777f291332dbf733c6f10a674,photometry/OGLE-LMC-RRLYR-17527.dat,8904,371,2374.6147899999996,True
OGLE-LMC-RRLYR-17542,LMC,RRab,0.5153573,2167.46577,,fundamental,2410bfb59440d4496e6c1b6fe2b25aec6cf6cb87aaa5ba7f355eb9e46e3e6379,photometry/OGLE-LMC-RRLYR-17542.dat,12456,519,2374.6145100000003,True
OGLE-LMC-RRLYR-17585,LMC,RRab,0.5692845,455.14254,,fundamental,d23f78a70075fa5ab008c3e8b1fb37782778b650b236e05b68fda224457e1a45,photometry/OGLE-LMC-RRLYR-17585.dat,22056,919,4086.81737,True
OGLE-LMC-RRLYR-17744,LMC,RRab,0.5829966,2167.42102,,fundamental,5c1d675dc65cf67e102bd8ff4d76378ac39af6125470965912192912e17f7ce8,photometry/OGLE-LMC-RRLYR-17744.dat,12456,519,2374.6145100000003,True
OGLE-LMC-RRLYR-17846,LMC,RRab,0.5114332,2167.69906,,fundamental,3ee427b2899b86c103a400ef8925ace57845cf7a2f5ca3b3f3b9c303e8d76d7e,photometry/OGLE-LMC-RRLYR-17846.dat,12576,524,2374.6146599999997,True
OGLE-LMC-RRLYR-17900,LMC,RRab,0.6121503,455.18017,,fundamental,8bef1aaa367c07e34a6e455669f98bc63a1e3279b7cb433bf6bdcb9a54fb543c,photometry/OGLE-LMC-RRLYR-17900.dat,21984,916,4086.81594,True
OGLE-LMC-RRLYR-18119,LMC,RRab,0.5198092,2167.86537,,fundamental,081fe2f82da07270820c84b1954f7895804cca406d43f2f209a6e3cb9e2d3e51,photometry/OGLE-LMC-RRLYR-18119.dat,8520,355,2374.6142099999997,True
OGLE-LMC-RRLYR-18130,LMC,RRab,0.490481,2167.65853,,fundamental,68036ab7fa00e8ea1bea17660ae321307fd3393dba4756fc8e19a8d142a228dd,photometry/OGLE-LMC-RRLYR-18130.dat,8712,363,2374.6146599999997,True
OGLE-LMC-RRLYR-18417,LMC,RRab,0.4991491,455.46767,,fundamental,f077369b068c3d0388e1daa50517a56ff8ede208739d1eec4cba8946f435478c,photometry/OGLE-LMC-RRLYR-18417.dat,21240,885,4086.82177,True
OGLE-LMC-RRLYR-18428,LMC,RRab,0.6424368,2167.3754,,fundamental,e5c38b3101f0cfabd53cac1b6f1658f8466fa38998aa5453f9f349e8e151d41e,photometry/OGLE-LMC-RRLYR-18428.dat,12432,518,2374.6145100000003,True
OGLE-LMC-RRLYR-18525,LMC,RRab,0.5803371,2167.3862,,fundamental,846359f333cd2bc6532fa9cb5aa0715a044bbdd8f088bb8242b9eacabaac104d,photometry/OGLE-LMC-RRLYR-18525.dat,11784,491,2374.61407,True
OGLE-LMC-RRLYR-18648,LMC,RRab,0.5707631,2167.72228,,fundamental,ecbb7f43921815a631d896df6aa79e4a52731f582ec7fbc23689d16bfb12310b,photometry/OGLE-LMC-RRLYR-18648.dat,11880,495,2374.61407,True
OGLE-LMC-RRLYR-18675,LMC,RRab,0.5018809,2167.67439,,fundamental,c6e15d1c30fd55f8909ee65bf99ab4bdf017725467d1b3fdfb4507c3972a9429,photometry/OGLE-LMC-RRLYR-18675.dat,11832,493,2374.61407,True
OGLE-LMC-RRLYR-18678,LMC,RRc,0.327647,455.6928,,first overtone,3d500d625e99aa2c40e7c12912baa1f51b9752b4291b34fb64234fe62b8d4c79,photometry/OGLE-LMC-RRLYR-18678.dat,18384,766,4086.80484,True
OGLE-LMC-RRLYR-18746,LMC,RRab,0.5420704,2167.81807,,fundamental,0fa1b4690041a0cf1197a58fc9464b79e90f7580f5f34cc7e10c31d6d1c5e70f,photometry/OGLE-LMC-RRLYR-18746.dat,12480,520,2374.6145100000003,True
OGLE-LMC-RRLYR-18840,LMC,RRab,0.5202441,455.31957,,fundamental,3555a83209a997b5024c5ee62deb2486848161e2e119258ada332135274e4d9b,photometry/OGLE-LMC-RRLYR-18840.dat,18408,767,4086.805370000001,True
OGLE-LMC-RRLYR-18869,LMC,RRab,0.5232821,455.31859,,fundamental,0096a693d8eec5310f7059cc25d162325f2307250118451c5e6c85ff9d04bfb9,photometry/OGLE-LMC-RRLYR-18869.dat,12960,540,3893.13239,True
OGLE-LMC-RRLYR-18945,LMC,RRc,0.3528051,455.43441,,first overtone,4e139accab9f5d42fe5d90bc4d3adad39621a21b335922b105f4dc87965e5c2d,photometry/OGLE-LMC-RRLYR-18945.dat,17496,729,4086.80653,True
OGLE-LMC-RRLYR-19035,LMC,RRab,0.613256,455.36832,,fundamental,86f61d188ab2adbb3213b05ace35ed023a556493971aa0a88c7b61d9b8905c13,photometry/OGLE-LMC-RRLYR-19035.dat,17544,731,4086.81163,True
OGLE-LMC-RRLYR-19253,LMC,RRab,0.5686794,457.20073,,fundamental,fa42f15f9b808a7fcec5d75b68ee279a6e5613b14a8ff360670828bcb9832ab8,photometry/OGLE-LMC-RRLYR-19253.dat,14712,613,4084.811689999999,True
OGLE-LMC-RRLYR-19256,LMC,RRc,0.3014024,2167.82623,,first overtone,cc00a803f1f61d1b38557b49b0da264f720183bc92e00770f392ca0d002d8dc9,photometry/OGLE-LMC-RRLYR-19256.dat,11880,495,2374.61407,True
OGLE-LMC-RRLYR-19295,LMC,RRab,0.487861,456.41949,,fundamental,c7003c920281afe9d2f44b05f8ca5060c530a0ab008dec3e8b3784e051ac8a72,photometry/OGLE-LMC-RRLYR-19295.dat,17256,719,4085.82329,True
OGLE-LMC-RRLYR-19590,LMC,RRab,0.5134793,2167.73707,,fundamental,5a32103301746b175224a4b0a6c6129a4e9fbe24c7436fa666fa0c7f7e65661b,photometry/OGLE-LMC-RRLYR-19590.dat,11808,492,2374.61407,True
OGLE-LMC-RRLYR-19774,LMC,RRab,0.6041011,2187.56952,,fundamental,08429503332d46dac84925d168b12d56202d40158c0a44c6fbe0321236ba11aa,photometry/OGLE-LMC-RRLYR-19774.dat,8544,356,2354.7742599999997,True
OGLE-LMC-RRLYR-19780,LMC,RRab,0.5197374,726.3981,,fundamental,9b27287c2313f064a2075aa5271c92bddce2ad0aaa9e2e472ee114e7bdfca7a8,photometry/OGLE-LMC-RRLYR-19780.dat,25464,1061,3815.72016,True
OGLE-LMC-RRLYR-19783,LMC,RRab,0.4415442,2167.54715,,fundamental,56d7773833bcee75d083409f08c8c9ba45bd62d91b5761cdbec4488fd96389ec,photometry/OGLE-LMC-RRLYR-19783.dat,11880,495,2374.61407,True
OGLE-LMC-RRLYR-19811,LMC,RRab,0.663388,2167.77108,,fundamental,38883b681492a4c0ee1c0cfded8b1ce690d0baff0b68bdf7fd47a24cc54523b4,photometry/OGLE-LMC-RRLYR-19811.dat,11880,495,2374.61407,True
OGLE-LMC-RRLYR-19864,LMC,RRab,0.4251838,726.72313,,fundamental,5870cb30a0c16ee0c2b92e9b153a296f67c542944d5dca84f38a685b80cf2e0f,photometry/OGLE-LMC-RRLYR-19864.dat,15936,664,3815.68762,True
OGLE-LMC-RRLYR-19924,LMC,RRe,0.2321535,2167.80485,,catalog RRe,77d637d9bd176352d731bd421fb03de2796fef10982d195493a6823c6e1a532d,photometry/OGLE-LMC-RRLYR-19924.dat,8592,358,2374.6142099999997,True
OGLE-LMC-RRLYR-19940,LMC,RRab,0.5360576,726.30699,,fundamental,98f76f0517003237ebaa48305b57afb7e7d2fd9d02d0e721114e1d72d96252b6,photometry/OGLE-LMC-RRLYR-19940.dat,15984,666,3815.71926,True
OGLE-LMC-RRLYR-20006,LMC,RRab,0.5746894,2187.61444,,fundamental,610a97284859cbd3d60d645810bb62cc36133541bde27c0dcd287ce34a363914,photometry/OGLE-LMC-RRLYR-20006.dat,8544,356,2354.7741600000004,True
OGLE-LMC-RRLYR-20170,LMC,RRab,0.4609623,726.52638,,fundamental,6d3f36ebf8f7cb41b1d2412d43521e9eb0ea8100a1e7db65b7a9f9b4c288c36e,photometry/OGLE-LMC-RRLYR-20170.dat,14136,589,3815.74227,True
OGLE-LMC-RRLYR-20190,LMC,RRab,0.5739277,2187.53528,,fundamental,3b04ec15fba0a320b1204979f1a75ba497cfcd90dd52eea94c2e46cf3fedba71,photometry/OGLE-LMC-RRLYR-20190.dat,8544,356,2354.7742599999997,True
OGLE-LMC-RRLYR-20205,LMC,RRab,0.5184074,2187.71253,,fundamental,c29fef59684ea933941d25a6292fd5f078a26e129f666d4fe1f9d1bcf54f7708,photometry/OGLE-LMC-RRLYR-20205.dat,8544,356,2354.7741600000004,True
OGLE-LMC-RRLYR-20232,LMC,RRc,0.3268342,2187.66947,,first overtone,e5a23b160ea5dbe74c505bd212930a3ff2f60623b12d62a0191363a846127611,photometry/OGLE-LMC-RRLYR-20232.dat,8568,357,2354.7741600000004,True
OGLE-LMC-RRLYR-20346,LMC,RRab,0.8410427,726.63009,,fundamental,161b3d844d4fc86f31bc480c3ad7494b5dc1280fd491487cdc052326bc769665,photometry/OGLE-LMC-RRLYR-20346.dat,16056,669,3815.71989,True
OGLE-LMC-RRLYR-20454,LMC,RRab,0.5762297,2187.32873,,fundamental,11a7719badd72dae8235f6e917aebde427783a39a62f2504626f6630258a46f6,photometry/OGLE-LMC-RRLYR-20454.dat,8400,350,2354.77518,True
OGLE-LMC-RRLYR-20456,LMC,RRab,0.5313478,2187.52377,,fundamental,ec7ca864b7e331c96ea3276b75ec76d6617b01edb7d7d606ab3d36abac6fada4,photometry/OGLE-LMC-RRLYR-20456.dat,8592,358,2354.77534,True
OGLE-LMC-RRLYR-20799,LMC,RRab,0.5772933,2187.2566,,fundamental,867071b322ddfb45dce56b71334a2aaa0343a308115541b9dcbe98713e804a15,photometry/OGLE-LMC-RRLYR-20799.dat,8688,362,2354.7727199999995,True
OGLE-LMC-RRLYR-21074,LMC,RRab,0.5871404,2187.51244,,fundamental,16afe3939d414a0e7875c2b976c59cdf7e923e349aacc4409fa3fd2418cdc108,photometry/OGLE-LMC-RRLYR-21074.dat,8400,350,2354.77518,True
OGLE-LMC-RRLYR-21078,LMC,RRab,0.5086707,2187.70855,,fundamental,46b5b852e3df5fbf5e3e5c6241d8aadb8bc29b5609d505b21a81e3c7b4878262,photometry/OGLE-LMC-RRLYR-21078.dat,8688,362,2354.7727199999995,True
OGLE-LMC-RRLYR-21146,LMC,RRab,0.5726672,2187.27724,,fundamental,8fe124e4a86b25a39e7f671606c3b32ab940395e4644d2ce9db7bdd5bc670744,photometry/OGLE-LMC-RRLYR-21146.dat,8352,348,2354.7752800000003,True
OGLE-LMC-RRLYR-21270,LMC,RRe,0.2881959,2187.72976,,catalog RRe,54bdb7bdfd0d6a9c56dcf963f105cb06d0d3050f38c2ac73b444d1a75825a766,photometry/OGLE-LMC-RRLYR-21270.dat,8400,350,2354.77518,True
OGLE-LMC-RRLYR-21309,LMC,RRd,0.357453,2187.62515,0.4803701,first overtone,452b6fffe78d12ccfbc6a6a6e2a576fc40377697a1f883abd9e5994aacd870cd,photometry/OGLE-LMC-RRLYR-21309.dat,8688,362,2354.7727199999995,True
OGLE-LMC-RRLYR-21343,LMC,RRab,0.5086259,726.56988,,fundamental,3416e37baf47b203ce5a943be90fbdaa9aaaab0c6d0582dd1569ccc871623f6f,photometry/OGLE-LMC-RRLYR-21343.dat,15000,625,3815.72447,True
OGLE-LMC-RRLYR-21359,LMC,RRab,0.5787285,2187.38823,,fundamental,dfbed5aa5a472b289a80c9063797f1ea3a1ef2d44da7113c88a4f90b9526c0b2,photometry/OGLE-LMC-RRLYR-21359.dat,8544,356,2354.7742599999997,True
OGLE-LMC-RRLYR-21557,LMC,RRc,0.307062,726.68637,,first overtone,a4f2c8b0ddd50ad687088e74d0266c4b13b0be4fa23334a0b5f8173bc42484a2,photometry/OGLE-LMC-RRLYR-21557.dat,15048,627,3815.72294,True
OGLE-LMC-RRLYR-21963,LMC,RRab,0.4817249,2193.78396,,fundamental,439643f5ccbf04af31ca2f1f4b86991237cd545b51000e86f4641867251037fc,photometry/OGLE-LMC-RRLYR-21963.dat,4680,195,2348.71694,True
OGLE-LMC-RRLYR-22016,LMC,RRab,0.6381617,726.35203,,fundamental,83cedd9aeb22d2164f92f46ead7cde2b61e22d6a81874496d5b08d7d71045057,photometry/OGLE-LMC-RRLYR-22016.dat,22536,939,3815.7377,True
OGLE-LMC-RRLYR-22227,LMC,RRd,0.3584729,2187.73816,0.4815161,first overtone,7c490e8849a3af20d871da3da6f450fc02440456e5693ab90d5476033baa57b8,photometry/OGLE-LMC-RRLYR-22227.dat,13632,568,2354.78357,True
OGLE-LMC-RRLYR-22277,LMC,RRab,0.578257,2187.40129,,fundamental,5927521b61a0ddf429d0416315adc8c654935bea3daba1ca94a03a3b583c4ac7,photometry/OGLE-LMC-RRLYR-22277.dat,8088,337,2354.78345,True
OGLE-LMC-RRLYR-22323,LMC,RRe,0.2656351,726.81053,,catalog RRe,9f5c1fc949092459a40a5c2b7efa7333a744f5ad42f97bd063f3f187d7de63f7,photometry/OGLE-LMC-RRLYR-22323.dat,14520,605,3815.73751,True
OGLE-LMC-RRLYR-22365,LMC,RRe,0.2112836,2187.64651,,catalog RRe,04f8bf52123b90f66ccad74fb0bfcf23bd3f00ec39552d93a9b4d2047fa121ce,photometry/OGLE-LMC-RRLYR-22365.dat,8376,349,2354.78345,True
OGLE-LMC-RRLYR-22423,LMC,RRab,0.6304309,2187.19374,,fundamental,1de8c56292ebb62414830f6aa58b1141ecd871ca69a705e41871db09c238bd43,photometry/OGLE-LMC-RRLYR-22423.dat,8496,354,2354.78367,True
OGLE-LMC-RRLYR-22493,LMC,RRab,0.5408642,2187.42582,,fundamental,f6a1020d8617511eaf896fccd5277a1ae5280bdb30624ba7cdd4748f48857a05,photometry/OGLE-LMC-RRLYR-22493.dat,8136,339,2354.78357,True
OGLE-LMC-RRLYR-22506,LMC,RRab,0.8581407,726.60057,,fundamental,1116eb6f612c69f2da818c0cf0a468f3ad2014d8529c8dfa0f2f0fa1d2ecc26c,photometry/OGLE-LMC-RRLYR-22506.dat,20544,856,3815.74404,True
OGLE-LMC-RRLYR-22576,LMC,RRab,0.7786947,726.12962,,fundamental,6817ba3a227b27ca364e77e6bc9d70eaeb62b82078c8ee888604c66611ae7200,photometry/OGLE-LMC-RRLYR-22576.dat,14880,620,3815.73722,True
OGLE-LMC-RRLYR-22619,LMC,RRc,0.3240497,2193.73976,,first overtone,94824bbe695cd2f1d0c9b44fa511616d1fc0798eb7a26ff8b793afa65839b2b0,photometry/OGLE-LMC-RRLYR-22619.dat,7488,312,2348.71694,True
OGLE-LMC-RRLYR-22643,LMC,RRab,0.6335119,726.82943,,fundamental,07a1d123d2d8d7f605281cc824f02f32307de35c532500cf6bd705e9dab7d825,photometry/OGLE-LMC-RRLYR-22643.dat,14688,612,3815.72997,True
OGLE-LMC-RRLYR-22688,LMC,RRab,0.5647139,2187.50223,,fundamental,4492ecdd4a15f377b4d7a28f41f6d92e498e1abb64547858e9c5e7b6f8c5c511,photometry/OGLE-LMC-RRLYR-22688.dat,8376,349,2354.78357,True
OGLE-LMC-RRLYR-22699,LMC,RRab,0.7175558,2187.14898,,fundamental,e66ca8c196e28659cf044339573164339e595ba5b414a58fa8d17fc758d4ade5,photometry/OGLE-LMC-RRLYR-22699.dat,5448,227,2354.78357,True
OGLE-LMC-RRLYR-22713,LMC,RRab,0.6388295,2187.52096,,fundamental,24fac8c10aadab939bddd0709f0f1b480dd988321937aa5b3cec86a097693768,photometry/OGLE-LMC-RRLYR-22713.dat,7944,331,2354.7828899999995,True
OGLE-LMC-RRLYR-22753,LMC,RRc,0.3276545,2187.77842,,first overtone,9e4ec71d17fdf284e5efe7343725acd5d7b2f84ea83fc1ace502da392a176da2,photometry/OGLE-LMC-RRLYR-22753.dat,8328,347,2354.78334,True
OGLE-LMC-RRLYR-22839,LMC,RRc,0.3629774,2187.44309,,first overtone,8d3e4a62373bb34de9fdb3bf3c033ec3c616c654a22ce1045c32eecda5ff0758,photometry/OGLE-LMC-RRLYR-22839.dat,8328,347,2354.78345,True
OGLE-LMC-RRLYR-22879,LMC,RRab,0.5518314,2187.6766,,fundamental,b082b401b4cd672215003a78ce31057a6ff47b31cc56c152238d7e045f8ccc59,photometry/OGLE-LMC-RRLYR-22879.dat,8400,350,2354.78345,True
OGLE-LMC-RRLYR-22907,LMC,RRab,0.4899272,726.73592,,fundamental,f4aad06a617776fbf5bb6c7300356094ae17b4b123e1950f6ac3dce96000446f,photometry/OGLE-LMC-RRLYR-22907.dat,14568,607,3815.73515,True
OGLE-LMC-RRLYR-23174,LMC,RRab,0.4680231,2187.36273,,fundamental,f7364a238531e13c16c69798eae80c9a0afc6920b87cdf29a7b76a60f43cbb9b,photometry/OGLE-LMC-RRLYR-23174.dat,7800,325,2354.78334,True
OGLE-LMC-RRLYR-23231,LMC,RRab,0.7173079,2187.43052,,fundamental,2325b330431220d4dab56bc677082de56b7d1e2fed15edaa7459025f46da9ed5,photometry/OGLE-LMC-RRLYR-23231.dat,8016,334,2354.78299,True
OGLE-LMC-RRLYR-23373,LMC,RRab,0.4638026,2187.78104,,fundamental,b4295a06aca0c1b2bec639d5ba98a6554ff9589412e00587a076d06c744dfeb8,photometry/OGLE-LMC-RRLYR-23373.dat,7776,324,2354.7828899999995,True
OGLE-LMC-RRLYR-23438,LMC,RRab,0.5513422,2187.52567,,fundamental,e1b61064e2b5e2e855702b073eebcd8d9c4f9b87924842767d7bbad8c86a6faf,photometry/OGLE-LMC-RRLYR-23438.dat,7944,331,2354.7828899999995,True
OGLE-LMC-RRLYR-23462,LMC,RRc,0.28926,2187.54192,,first overtone,2a689ce4c90ee3b26bc567aacc9eb840f775b5736381f121dabc4327474f0d85,photometry/OGLE-LMC-RRLYR-23462.dat,7920,330,2354.7828899999995,True
OGLE-LMC-RRLYR-23516,LMC,RRab,0.617703,2187.49159,,fundamental,8c55faa21b0486f26eee4cf3012a02094e40f1c5543f97975a7197bc39f2898e,photometry/OGLE-LMC-RRLYR-23516.dat,7536,314,2354.7876200000005,True
OGLE-LMC-RRLYR-23704,LMC,RRab,0.6201313,2177.72509,,fundamental,4a7c1183470ab18077f54211626bdf744ff261671f4509abc429904807560efb,photometry/OGLE-LMC-RRLYR-23704.dat,11328,472,2364.84019,True
OGLE-LMC-RRLYR-23893,LMC,RRc,0.3266575,2187.80074,,first overtone,be036cf45ee30f25685266b967317c35959955b961bec67d4e57b657643979ac,photometry/OGLE-LMC-RRLYR-23893.dat,8160,340,2354.7887900000005,True
OGLE-LMC-RRLYR-24021,LMC,RRab,0.684245,2194.4547,,fundamental,41b86fea5c43eaca33f0d94abfd2b81ded19f1c772d565590e062d613932c4e2,photometry/OGLE-LMC-RRLYR-24021.dat,6576,274,2347.8241900000003,True
OGLE-LMC-RRLYR-24050,LMC,RRd,0.3709242,2187.63039,0.4984974,first overtone,13794804c11d30a7a4855b79be53cd2e299f29b6772f01427258592128b892a4,photometry/OGLE-LMC-RRLYR-24050.dat,14688,612,2354.8143,True
OGLE-LMC-RRLYR-24083,LMC,RRab,0.6328661,2177.66302,,fundamental,82a2404c06f2fbd0248032b610ff2c1ff2f1af077991f6f50e7fb82a80780d61,photometry/OGLE-LMC-RRLYR-24083.dat,8112,338,2364.83506,True
OGLE-LMC-RRLYR-24123,LMC,RRc,0.3561101,2187.70721,,first overtone,1e2f0798cfaf745b312133f40f31b10e6b6131f18bd1dd5083865d17451a1cad,photometry/OGLE-LMC-RRLYR-24123.dat,7776,324,2354.7913000000003,True
OGLE-LMC-RRLYR-24564,LMC,RRab,0.7629278,2177.5318,,fundamental,8977fa5e3d24bfe1124a556192be6301173105e67c4a637ac82dd40bf4fc2272,photometry/OGLE-LMC-RRLYR-24564.dat,6648,277,2358.87832,True
OGLE-LMC-RRLYR-24651,LMC,RRab,0.496967,299.66148,,fundamental,ceff48d86573001f1223f33db103509ed16050cadda000aae85f4fc9542273ea,photometry/OGLE-LMC-RRLYR-24651.dat,1584,66,2159.04512,True
OGLE-LMC-RRLYR-24725,LMC,RRc,0.3205713,2177.48314,,first overtone,a7cfece4d9c474be1c200f4921e5bcf355779f1c3c9ebed818d34679452847eb,photometry/OGLE-LMC-RRLYR-24725.dat,8232,343,2361.9306599999995,True
OGLE-LMC-RRLYR-24727,LMC,RRab,0.7443992,2177.65552,,fundamental,c1d90a6daf928c359cc8c7ca60f66070c27f82892ee20d1e3565888756c408f4,photometry/OGLE-LMC-RRLYR-24727.dat,8256,344,2361.9306599999995,True
OGLE-LMC-RRLYR-24770,LMC,RRab,0.6109448,2177.50562,,fundamental,43cd3a22155ca4219d998fd89091f724175114c5afa82ab69dae2525166a67a8,photometry/OGLE-LMC-RRLYR-24770.dat,8232,343,2361.9306599999995,True
OGLE-LMC-RRLYR-24817,LMC,RRab,0.5475504,2194.46877,,fundamental,316eb73e226802e36c572e0379ff84712eb7fdd1e499b1ac8f9a85ed4403f572,photometry/OGLE-LMC-RRLYR-24817.dat,8064,336,2344.8163,True
OGLE-LMC-RRLYR-24866,LMC,RRc,0.304131,2211.74122,,first overtone,34d13dbca15c90d01602575254c5c3d26d96c6b1e9981d1d44cbca038d668055,photometry/OGLE-LMC-RRLYR-24866.dat,7872,328,2327.9006799999997,True
OGLE-SMC-RRLYR-0145,SMC,RRab,0.632099,2088.40055,,fundamental,e5d4b6432c5e82b6bb0d4c45abe86c3afbc7cca013b08c38381c8d78ad6c9cd0,photometry/OGLE-SMC-RRLYR-0145.dat,16152,673,2770.6802700000003,True
OGLE-SMC-RRLYR-0210,SMC,RRab,0.6253434,2090.80367,,fundamental,b64bc978e48754a02d2f5d1125af8d498951f8805ffba0eb60b471ae4a08206e,photometry/OGLE-SMC-RRLYR-0210.dat,16248,677,2774.6517299999996,True
OGLE-SMC-RRLYR-0235,SMC,RRab,0.6159501,2090.34873,,fundamental,15cb6156f91973c3f7eb71cfa3196a8e174297981321d5e8644c5a1298bcb0f7,photometry/OGLE-SMC-RRLYR-0235.dat,16248,677,2774.6517299999996,True
OGLE-SMC-RRLYR-0499,SMC,RRab,0.5942138,2090.43104,,fundamental,d18541d5cd7d09eb636270902e5e8acfd8f57359a8e482d41ab311e35569c1f5,photometry/OGLE-SMC-RRLYR-0499.dat,16488,687,2774.6517699999995,True
OGLE-SMC-RRLYR-0577,SMC,RRab,0.5210678,2090.72491,,fundamental,fa80a2aa2a629d3e193d544a56e5fb61c67d571d37a92622608cc739d8bcae51,photometry/OGLE-SMC-RRLYR-0577.dat,16560,690,2775.6452400000003,True
OGLE-SMC-RRLYR-0792,SMC,RRab,0.6569024,625.48517,,fundamental,6a521e39595c7b9bef7cc7fbdd9f04091bdbb9607ade1febe8bb224875408963,photometry/OGLE-SMC-RRLYR-0792.dat,24360,1015,4323.9890399999995,True
OGLE-SMC-RRLYR-0904,SMC,RRab,0.6787015,622.86576,,fundamental,23d78fb268f7454ebf904e787c31b84dbcfb18eccd5911a1ca01806fcfe59ad1,photometry/OGLE-SMC-RRLYR-0904.dat,22056,919,4242.6860799999995,True
OGLE-SMC-RRLYR-0939,SMC,RRab,0.6261331,622.74378,,fundamental,fed1da7ce4dd0e54d8ab3ac7e7115c208947d6031425838321728639c7007cfe,photometry/OGLE-SMC-RRLYR-0939.dat,19272,803,4332.00963,True
OGLE-SMC-RRLYR-0945,SMC,RRd,0.3644089,2086.76149,0.4891275,first overtone,d6fbcac2dcb6d3ba21ffcd3d0a20c590b4b579ccb21fad1829918b78e3b86747,photometry/OGLE-SMC-RRLYR-0945.dat,16920,705,2778.6618799999997,True
OGLE-SMC-RRLYR-1131,SMC,RRd,0.3727144,2086.79446,0.4999719,first overtone,04cfa09e239680338a31579d73e96359e515fd7e898d7f7bc2be84187a5b9259,photometry/OGLE-SMC-RRLYR-1131.dat,17040,710,2778.66175,True
OGLE-SMC-RRLYR-1220,SMC,RRab,0.6192647,2086.50657,,fundamental,10852e065bf8ec99eb750bc73c20c577f20976073e6a55a81b05593d4226815d,photometry/OGLE-SMC-RRLYR-1220.dat,16920,705,2778.6618799999997,True
OGLE-SMC-RRLYR-1274,SMC,RRab,0.6375953,2086.43359,,fundamental,97fc93f7bcc3c4d8c6a84b5e342293079e19ac4d0b48c8c55911feacf88e6cef,photometry/OGLE-SMC-RRLYR-1274.dat,30912,1288,2862.02523,True
OGLE-SMC-RRLYR-1433,SMC,RRab,0.5852272,2086.81865,,fundamental,e050fac99339fbe2c13b75e2446a17bc7239bd8623d58fcd02d1d612ca8d6ac5,photometry/OGLE-SMC-RRLYR-1433.dat,16920,705,2781.6346500000004,True
OGLE-SMC-RRLYR-1461,SMC,RRab,0.6515607,621.27037,,fundamental,260e2aee5f76ff9662493f27c537c7bbca44111494c494187ee32be57a9db421,photometry/OGLE-SMC-RRLYR-1461.dat,24312,1013,4246.70651,True
OGLE-SMC-RRLYR-1491,SMC,RRab,0.6553475,2086.62302,,fundamental,b45397f0dcb95a2239f2711db2151fbbf4dc8b48370bb15fcb3304de54f39a65,photometry/OGLE-SMC-RRLYR-1491.dat,17136,714,2861.9923200000003,True
OGLE-SMC-RRLYR-1506,SMC,RRab,0.5091832,2086.82108,,fundamental,00d10fe6f30706a0b9d937d2e515fe2773e5a97d4b18e3ffb696eea99922fb94,photometry/OGLE-SMC-RRLYR-1506.dat,16896,704,2781.6346500000004,True
OGLE-SMC-RRLYR-1514,SMC,RRab,0.6255058,621.67833,,fundamental,bf198f5310e52f587476392a32ab31e88e5abd79f2af1499203ee71e7de05c75,photometry/OGLE-SMC-RRLYR-1514.dat,23160,965,4246.697480000001,True
OGLE-SMC-RRLYR-1540,SMC,RRd,0.3707745,2086.6457,0.4980798,first overtone,4115fbe43b3749a52ea35c356f514a5b29c8fe054e2703ce3df50c155ffc3dd0,photometry/OGLE-SMC-RRLYR-1540.dat,17328,722,2867.9964499999996,True
OGLE-SMC-RRLYR-1570,SMC,RRab,0.6161665,2086.81002,,fundamental,01cfe3471484fb736113833cb00c859294b941c1219f26c1bf5fa3373fa66697,photometry/OGLE-SMC-RRLYR-1570.dat,17568,732,2867.99617,True
OGLE-SMC-RRLYR-1606,SMC,RRab,0.4473036,621.54227,,fundamental,47919e85a807932e7881bbd8ea37a9ba3a9e51f9fb5962c426d9ff8ad2b8102f,photometry/OGLE-SMC-RRLYR-1606.dat,24816,1034,4333.06523,True
OGLE-SMC-RRLYR-1733,SMC,RRab,0.6203252,621.53821,,fundamental,b31fecd9a86e058906a9562e222e8bf3009c38bf89271921503a3614812ea2b5,photometry/OGLE-SMC-RRLYR-1733.dat,24240,1010,4246.7092,True
OGLE-SMC-RRLYR-1737,SMC,RRab,0.5150752,2104.85558,,fundamental,7c491bb27441856522391c6b291ff184d060d0516aa3c349c989e5dea223b0de,photometry/OGLE-SMC-RRLYR-1737.dat,16104,671,2763.70155,True
OGLE-SMC-RRLYR-1791,SMC,RRc,0.3634074,2104.83412,,first overtone,459266848864e1bd626d24f4455060b248a41f35e548b95815baf411b0075349,photometry/OGLE-SMC-RRLYR-1791.dat,16680,695,2763.70218,True
OGLE-SMC-RRLYR-1848,SMC,RRab,0.5996587,627.75695,,fundamental,4b7d5edc67e3360f2da11b00089a2443d19e7d198907362135e133a99f7f12d0,photometry/OGLE-SMC-RRLYR-1848.dat,24096,1004,4248.62128,True
OGLE-SMC-RRLYR-1898,SMC,RRab,0.6068103,2104.27458,,fundamental,e411950c20a93388c1c2c7110ddacb0ae18d504b202a91662801e64d51c6ec95,photometry/OGLE-SMC-RRLYR-1898.dat,17136,714,2849.0440500000004,True
OGLE-SMC-RRLYR-1945,SMC,RRd,0.3550098,2104.87803,0.4764559,first overtone,51d9ad7b29f85f2a4eb6d732be308b7902343a86cbdca775960d42567b4ff2bb,photometry/OGLE-SMC-RRLYR-1945.dat,16104,671,2763.70155,True
OGLE-SMC-RRLYR-1958,SMC,RRab,0.5562223,2104.46958,,fundamental,5a44ac6360dca685e0fc53b1b5f65e49c3dfd9703f6f50802731f1e410b26bf0,photometry/OGLE-SMC-RRLYR-1958.dat,16104,671,2763.70155,True
OGLE-SMC-RRLYR-2169,SMC,RRab,0.7074116,2104.18902,,fundamental,7efcfae9a36ee1815d90d3b5257a6666c7f9252a0f6b64d3c18d63e57d5cc3f7,photometry/OGLE-SMC-RRLYR-2169.dat,16176,674,2768.66097,True
OGLE-SMC-RRLYR-2190,SMC,RRab,0.5743504,2104.58987,,fundamental,cf76027d61ac41e6076c0dc2fdc52423dd1c51bebfabb59fcac1cd08db71e517,photometry/OGLE-SMC-RRLYR-2190.dat,15672,653,2768.6607,True
OGLE-SMC-RRLYR-2413,SMC,RRab,0.5231523,2090.48311,,fundamental,0c1b7f535c7977cdabee67aeafe30444219826a2ef76e61a05be8c296691fc53,photometry/OGLE-SMC-RRLYR-2413.dat,14904,621,2782.6369499999996,True
