representation,model,replicate,ari_stability_all,ari_stability_common_assigned,common_assigned_fraction,coverage,catalog_ari_subset
JDR,K-medoids,0,0.6998082363981123,0.6998082363981123,1.0,1.0,0.25799370001011157
JDR,K-means,0,0.7440319356764031,0.7440319356764031,1.0,1.0,0.2924390670506603
JDR,Average linkage,0,0.9046272122223036,0.9046272122223036,1.0,1.0,0.05234071596454625
JDR,DBSCAN,0,0.740315919046403,0.5175476683321915,0.7750611246943765,0.7799511002444988,0.13587329870522535
JDR,HDBSCAN,0,0.7176708131206891,0.8878404641861252,0.44254278728606355,0.4963325183374083,0.0017356085875372216
Classical shape,K-medoids,0,0.777038015145189,0.777038015145189,1.0,1.0,0.3174360754337753
Classical shape,K-means,0,0.903659635066998,0.903659635066998,1.0,1.0,0.4392799357189447
Classical shape,Average linkage,0,0.9541751417487416,0.9541751417487416,1.0,1.0,0.11080896974226931
Classical shape,DBSCAN,0,0.8640956287499,,0.7603911980440098,0.784841075794621,0.33049654298768383
Classical shape,HDBSCAN,0,0.8267035153264032,0.9438931761019393,0.5794621026894865,0.6210268948655256,0.392698424923536
Classical full,K-medoids,0,0.4710121596779053,0.4710121596779053,1.0,1.0,0.5576354987868152
Classical full,K-means,0,0.9220799850130009,0.9220799850130009,1.0,1.0,0.5181146351996077
Classical full,Average linkage,0,0.9541751417487416,0.9541751417487416,1.0,1.0,0.11080896974226931
Classical full,DBSCAN,0,0.9064081058371325,0.9990045768913886,0.7481662591687042,0.7775061124694377,0.6477752669212898
Classical full,HDBSCAN,0,0.9710415553787801,0.9949425344690602,0.78239608801956,0.7897310513447433,0.7374279824461902
JDR,K-medoids,1,0.6465698249459969,0.6465698249459969,1.0,1.0,0.22955465128901115
JDR,K-means,1,0.8436184622087612,0.8436184622087612,1.0,1.0,0.2909768335676679
JDR,Average linkage,1,0.2959836058545364,0.2959836058545364,1.0,1.0,0.49214871767083507
JDR,DBSCAN,1,0.7513439263001334,0.5621282428595603,0.78239608801956,0.7897310513447433,0.11658692286877131
JDR,HDBSCAN,1,0.5489264197235403,0.9019828015224695,0.4058679706601467,0.5134474327628362,-0.02691052421871685
Classical shape,K-medoids,1,0.9920949261653701,0.9920949261653701,1.0,1.0,0.305684220494762
Classical shape,K-means,1,0.9971383112661175,0.9971383112661175,1.0,1.0,0.34144015479288753
Classical shape,Average linkage,1,0.9986932593371934,0.9986932593371934,1.0,1.0,0.09969386761640955
Classical shape,DBSCAN,1,0.8932563126536199,,0.7726161369193154,0.7946210268948656,0.28880500815938637
Classical shape,HDBSCAN,1,0.006291853120269629,,0.5916870415647921,0.9951100244498777,0.06857932002815997
Classical full,K-medoids,1,0.44197606707380543,0.44197606707380543,1.0,1.0,0.3126215622449474
Classical full,K-means,1,0.9571380452189627,0.9571380452189627,1.0,1.0,0.41194171913600525
Classical full,Average linkage,1,1.0,1.0,1.0,1.0,0.09983779779689748
Classical full,DBSCAN,1,0.96146879411548,1.0,0.7652811735941321,0.784841075794621,0.6314908854579444
Classical full,HDBSCAN,1,0.9687825834062627,0.9989264208640268,0.7799511002444988,0.784841075794621,0.7085663622497407
JDR,K-medoids,2,0.9915846611848795,0.9915846611848795,1.0,1.0,0.22936817792364692
JDR,K-means,2,0.6115334090635015,0.6115334090635015,1.0,1.0,0.22918807611756076
JDR,Average linkage,2,0.9397030111328366,0.9397030111328366,1.0,1.0,0.04723230781337505
JDR,DBSCAN,2,0.7371963739625897,0.36134174786940265,0.7799511002444988,0.78239608801956,0.1356922196698249
JDR,HDBSCAN,2,0.5110119635615308,0.832550535218193,0.4180929095354523,0.5354523227383863,-0.0263039331099535
Classical shape,K-medoids,2,0.9870624446703335,0.9870624446703335,1.0,1.0,0.3066613827975607
Classical shape,K-means,2,0.9383590054092686,0.9383590054092686,1.0,1.0,0.3583132057214127
Classical shape,Average linkage,2,0.9029136406099637,0.9029136406099637,1.0,1.0,0.10425112789774102
Classical shape,DBSCAN,2,0.8542466000890955,,0.7579462102689487,0.7775061124694377,0.31954252568326613
Classical shape,HDBSCAN,2,0.7699511039857591,0.9345110150902702,0.5794621026894865,0.6430317848410758,0.37438820926653094
Classical full,K-medoids,2,0.914064726428658,0.914064726428658,1.0,1.0,0.38974440924542636
Classical full,K-means,2,0.8803361547413476,0.8803361547413476,1.0,1.0,0.44668057268582445
Classical full,Average linkage,2,0.9490827633356658,0.9490827633356658,1.0,1.0,0.10863112258367269
Classical full,DBSCAN,2,0.9196652573856188,1.0,0.7481662591687042,0.7775061124694377,0.6217534137264464
Classical full,HDBSCAN,2,0.9396480573431445,0.9928139584364674,0.7946210268948656,0.843520782396088,0.752020024659848
JDR,K-medoids,3,0.6417489682720525,0.6417489682720525,1.0,1.0,0.21247380302530505
JDR,K-means,3,0.9500258800870799,0.9500258800870799,1.0,1.0,0.21924530311629406
JDR,Average linkage,3,0.8905820361461515,0.8905820361461515,1.0,1.0,0.04886635652715313
JDR,DBSCAN,3,0.6338386156541337,0.17302495655480196,0.7750611246943765,0.7970660146699267,0.12289146642788333
JDR,HDBSCAN,3,0.4077593977400024,0.7447578886886834,0.4400977995110024,0.6234718826405868,0.012565196078358529
Classical shape,K-medoids,3,0.5955120450135266,0.5955120450135266,1.0,1.0,0.17996910822038256
Classical shape,K-means,3,0.9762574412994882,0.9762574412994882,1.0,1.0,0.31231748233130796
Classical shape,Average linkage,3,0.9996773593414279,0.9996773593414279,1.0,1.0,0.0879306737469483
Classical shape,DBSCAN,3,0.9460541915038139,,0.7775061124694377,0.7799511002444988,0.2560825748692368
Classical shape,HDBSCAN,3,0.800086087432121,0.9023654867407802,0.5916870415647921,0.6381418092909535,0.38583600850523997
Classical full,K-medoids,3,0.4203930820573883,0.4203930820573883,1.0,1.0,0.3777343281293664
Classical full,K-means,3,0.9837650878344607,0.9837650878344607,1.0,1.0,0.413679198625954
Classical full,Average linkage,3,0.9993549107352627,0.9993549107352627,1.0,1.0,0.08794271362440334
Classical full,DBSCAN,3,0.9695995352638472,1.0,0.7726161369193154,0.7799511002444988,0.6404845388625497
Classical full,HDBSCAN,3,0.8850092990514609,0.9754775418960908,0.80440097799511,0.8899755501222494,0.8023892127879683
JDR,K-medoids,4,0.5068619697566188,0.5068619697566188,1.0,1.0,0.2663274135350189
JDR,K-means,4,0.9055728575499414,0.9055728575499414,1.0,1.0,0.2761769511728179
JDR,Average linkage,4,0.9259194433349971,0.9259194433349971,1.0,1.0,0.04469346665511167
JDR,DBSCAN,4,0.6626387137293015,0.42472315485785767,0.7775061124694377,0.7921760391198044,0.31504826041427897
JDR,HDBSCAN,4,0.4010105335939322,0.6979837420384767,0.4229828850855746,0.6014669926650367,0.01594185200552294
Classical shape,K-medoids,4,0.5767560325029695,0.5767560325029695,1.0,1.0,0.5102233818690112
Classical shape,K-means,4,0.9351662197367379,0.9351662197367379,1.0,1.0,0.325479633127243
Classical shape,Average linkage,4,1.0,1.0,1.0,1.0,0.11346104038021737
Classical shape,DBSCAN,4,0.8948615620595209,,0.7628361858190709,0.784841075794621,0.23529401754141954
Classical shape,HDBSCAN,4,0.00509068577841481,,0.5721271393643031,0.9926650366748166,0.0977655205138206
Classical full,K-medoids,4,0.43733650147956665,0.43733650147956665,1.0,1.0,0.5958092976583811
Classical full,K-means,4,0.9673868288454236,0.9673868288454236,1.0,1.0,0.4009382035479588
Classical full,Average linkage,4,0.9576432962400274,0.9576432962400274,1.0,1.0,0.10579483904694585
Classical full,DBSCAN,4,0.9363177980445604,0.9987399979485407,0.7432762836185819,0.7677261613691931,0.600908576062592
Classical full,HDBSCAN,4,0.9316338902349015,0.9966604278967122,0.7652811735941321,0.7750611246943765,0.6733286305984588
JDR,K-medoids,5,0.47314313107270706,0.47314313107270706,1.0,1.0,0.2673851432412968
JDR,K-means,5,0.8587711095503966,0.8587711095503966,1.0,1.0,0.2752845772393616
JDR,Average linkage,5,0.33300731680493784,0.33300731680493784,1.0,1.0,0.030839915563143278
JDR,DBSCAN,5,0.7068523501989491,0.3622922954781326,0.784841075794621,0.7921760391198044,0.14859864391830716
JDR,HDBSCAN,5,0.4476917162275079,0.9102759258393089,0.4156479217603912,0.5623471882640587,0.01160263398601613
Classical shape,K-medoids,5,0.8168554817996145,0.8168554817996145,1.0,1.0,0.33253125101493675
Classical shape,K-means,5,0.9920589123169948,0.9920589123169948,1.0,1.0,0.3596838897099911
Classical shape,Average linkage,5,0.9450361159730298,0.9450361159730298,1.0,1.0,0.08777651758741026
Classical shape,DBSCAN,5,0.9151402766788016,,0.7677261613691931,0.7799511002444988,0.258096833280458
Classical shape,HDBSCAN,5,0.5756677998651919,0.8043367289343423,0.4621026894865526,0.4621026894865526,0.10145553086050484
Classical full,K-medoids,5,0.4731225648273839,0.4731225648273839,1.0,1.0,0.6147862460741454
Classical full,K-means,5,0.9727363327492168,0.9727363327492168,1.0,1.0,0.44153916461444026
Classical full,Average linkage,5,1.0,1.0,1.0,1.0,0.09610683823379629
Classical full,DBSCAN,5,0.9819710365183868,0.9975643930590533,0.78239608801956,0.78239608801956,0.6403415809159827
Classical full,HDBSCAN,5,0.9561343590240332,0.9975899422316016,0.7726161369193154,0.7799511002444988,0.7193376202486766
JDR,K-medoids,6,0.8269839984553856,0.8269839984553856,1.0,1.0,0.21604070728679534
JDR,K-means,6,0.4499053348652863,0.4499053348652863,1.0,1.0,0.20948071636502177
JDR,Average linkage,6,0.7425052867818639,0.7425052867818639,1.0,1.0,0.17589533619212006
JDR,DBSCAN,6,0.7071061093869038,0.2679766652633508,0.7726161369193154,0.7775061124694377,0.1865890252786224
JDR,HDBSCAN,6,0.6297856245785578,0.898504119876265,0.43031784841075793,0.5158924205378973,0.009509915368964922
Classical shape,K-medoids,6,0.7403750555232821,0.7403750555232821,1.0,1.0,0.3175212219005139
Classical shape,K-means,6,0.9225454087786953,0.9225454087786953,1.0,1.0,0.40294599252462554
Classical shape,Average linkage,6,1.0,1.0,1.0,1.0,0.10865890705886823
Classical shape,DBSCAN,6,0.924849749946402,,0.7750611246943765,0.7799511002444988,0.2689876054454651
Classical shape,HDBSCAN,6,0.008725182684186287,,0.5990220048899756,0.9951100244498777,0.0776040543014894
Classical full,K-medoids,6,0.5808151013211413,0.5808151013211413,1.0,1.0,0.34816647121060984
Classical full,K-means,6,0.9407216721307867,0.9407216721307867,1.0,1.0,0.4752663747298072
Classical full,Average linkage,6,0.9499867646490741,0.9499867646490741,1.0,1.0,0.09962514824541382
Classical full,DBSCAN,6,0.9511558308026117,1.0,0.7652811735941321,0.7652811735941321,0.6212714789760634
Classical full,HDBSCAN,6,0.9242210959805114,0.9728707996084229,0.7970660146699267,0.8533007334963325,0.7657780563494879
JDR,K-medoids,7,0.33557509215575104,0.33557509215575104,1.0,1.0,0.2233103977208592
JDR,K-means,7,0.4828127583262168,0.4828127583262168,1.0,1.0,0.21092834187939521
JDR,Average linkage,7,0.8312526984722034,0.8312526984722034,1.0,1.0,0.005412628067723617
JDR,DBSCAN,7,0.4920665929513743,0.2774407662039754,0.7897310513447433,0.80440097799511,0.20098481660748868
JDR,HDBSCAN,7,0.5554250886491955,0.8528586715579919,0.44987775061124696,0.5696821515892421,-0.006590167605135537
Classical shape,K-medoids,7,0.938936946837229,0.938936946837229,1.0,1.0,0.314991691312612
Classical shape,K-means,7,0.905439044083551,0.905439044083551,1.0,1.0,0.3904321705623176
Classical shape,Average linkage,7,0.9389542842818732,0.9389542842818732,1.0,1.0,0.09075149029902986
Classical shape,DBSCAN,7,0.7147015857618823,,0.7628361858190709,0.78239608801956,0.4727260571308393
Classical shape,HDBSCAN,7,0.728563775286856,0.926089708981604,0.5819070904645477,0.6625916870415648,0.4258334179347164
Classical full,K-medoids,7,0.4494861213188664,0.4494861213188664,1.0,1.0,0.6594290809363069
Classical full,K-means,7,0.980457756046386,0.980457756046386,1.0,1.0,0.4125839769321635
Classical full,Average linkage,7,1.0,1.0,1.0,1.0,0.10043953194558664
Classical full,DBSCAN,7,0.9342745529364029,0.9951913646628893,0.7579462102689487,0.7799511002444988,0.6287483229808976
Classical full,HDBSCAN,7,0.9407490858743781,1.0,0.7677261613691931,0.784841075794621,0.7093218611760785
JDR,K-medoids,8,0.3442931329780958,0.3442931329780958,1.0,1.0,0.21561617497654076
JDR,K-means,8,0.49821563192232077,0.49821563192232077,1.0,1.0,0.19995778742184261
JDR,Average linkage,8,0.34589377495269696,0.34589377495269696,1.0,1.0,0.48484116119311155
JDR,DBSCAN,8,0.6136676883347211,0.1394574963233001,0.7726161369193154,0.78239608801956,0.1840606790814269
JDR,HDBSCAN,8,0.434048679711637,0.8528826738998322,0.4278728606356968,0.5819070904645477,-0.010094379736950156
Classical shape,K-medoids,8,0.8466637163349837,0.8466637163349837,1.0,1.0,0.40216840504417717
Classical shape,K-means,8,0.8764542345117473,0.8764542345117473,1.0,1.0,0.3950039096199455
Classical shape,Average linkage,8,1.0,1.0,1.0,1.0,0.1382543077085673
Classical shape,DBSCAN,8,0.9052851017651621,,0.7628361858190709,0.7701711491442543,0.27053228757794073
Classical shape,HDBSCAN,8,0.011861210739757749,,0.6039119804400978,0.9902200488997555,0.10342681283700095
Classical full,K-medoids,8,0.4758068255434979,0.4758068255434979,1.0,1.0,0.35485972103058877
Classical full,K-means,8,0.8497005623012821,0.8497005623012821,1.0,1.0,0.4963213125266943
Classical full,Average linkage,8,1.0,1.0,1.0,1.0,0.1382543077085673
Classical full,DBSCAN,8,0.9653967615469105,1.0,0.7677261613691931,0.7750611246943765,0.6223727666970298
Classical full,HDBSCAN,8,0.9358615219244464,0.9962782261924858,0.7921760391198044,0.8312958435207825,0.7679801268733278
JDR,K-medoids,9,0.6706005204578138,0.6706005204578138,1.0,1.0,0.1953119845684127
JDR,K-means,9,0.9282104767718838,0.9282104767718838,1.0,1.0,0.20989940191350212
JDR,Average linkage,9,0.7939039504418086,0.7939039504418086,1.0,1.0,0.02320688084575833
JDR,DBSCAN,9,0.6833169640138517,0.37565510288345205,0.7726161369193154,0.78239608801956,0.1171042524866982
JDR,HDBSCAN,9,0.5846282976662164,0.8681340080594717,0.4474327628361858,0.5354523227383863,-0.04196816764195753
Classical shape,K-medoids,9,0.9514997701942817,0.9514997701942817,1.0,1.0,0.32047126007826476
Classical shape,K-means,9,0.9668725955371439,0.9668725955371439,1.0,1.0,0.3434439195295888
Classical shape,Average linkage,9,0.9451253903508738,0.9451253903508738,1.0,1.0,0.09584738254059377
Classical shape,DBSCAN,9,0.8562430491620627,,0.7481662591687042,0.7775061124694377,0.3177763439168941
Classical shape,HDBSCAN,9,0.7780119109321718,0.9148340983977697,0.5794621026894865,0.6308068459657702,0.3501269956763825
Classical full,K-medoids,9,0.6800809776766726,0.6800809776766726,1.0,1.0,0.38043317380051933
Classical full,K-means,9,0.9852618841628039,0.9852618841628039,1.0,1.0,0.4124292310486514
Classical full,Average linkage,9,1.0,1.0,1.0,1.0,0.10511585605141081
Classical full,DBSCAN,9,0.9185707376872022,1.0,0.7457212713936431,0.7775061124694377,0.6189363733438542
Classical full,HDBSCAN,9,0.8963530095316237,0.9738049060328223,0.7921760391198044,0.8753056234718827,0.7911710078410695
JDR,K-medoids,10,0.6356841171833963,0.6356841171833963,1.0,1.0,0.20169004635571547
JDR,K-means,10,0.41510483337930115,0.41510483337930115,1.0,1.0,0.19222658058477657
JDR,Average linkage,10,0.8626657788347569,0.8626657788347569,1.0,1.0,0.05629762131288831
JDR,DBSCAN,10,0.7352915647364601,0.5144069955727076,0.7897310513447433,0.80440097799511,0.22542725752300458
JDR,HDBSCAN,10,0.5439457111985477,0.9063075314197087,0.4400977995110024,0.5501222493887531,-0.0498645456934744
Classical shape,K-medoids,10,1.0,1.0,1.0,1.0,0.3099756982237793
Classical shape,K-means,10,0.8518209926201572,0.8518209926201572,1.0,1.0,0.2733341711024587
Classical shape,Average linkage,10,1.0,1.0,1.0,1.0,0.09881913901813029
Classical shape,DBSCAN,10,0.9360367239174632,,0.7701711491442543,0.7775061124694377,0.2940657236081236
Classical shape,HDBSCAN,10,0.7939987262976873,0.7965005607115375,0.5770171149144254,0.6185819070904646,0.33463950698584327
Classical full,K-medoids,10,0.4704619535002719,0.4704619535002719,1.0,1.0,0.3410221530394203
Classical full,K-means,10,0.9470035555840085,0.9470035555840085,1.0,1.0,0.42525398846877
Classical full,Average linkage,10,1.0,1.0,1.0,1.0,0.09881913901813029
Classical full,DBSCAN,10,0.9690856434183449,1.0,0.7652811735941321,0.78239608801956,0.6229728811039223
Classical full,HDBSCAN,10,0.9032603428634575,0.9713538698350929,0.7775061124694377,0.8581907090464548,0.757619069632104
JDR,K-medoids,11,0.6594114425446734,0.6594114425446734,1.0,1.0,0.2516829813565317
JDR,K-means,11,0.9508104157770766,0.9508104157770766,1.0,1.0,0.2563774175636242
JDR,Average linkage,11,0.9773667218628624,0.9773667218628624,1.0,1.0,0.04139118281614647
JDR,DBSCAN,11,0.666702177110661,0.21003560283980263,0.7726161369193154,0.784841075794621,0.11400236144226841
JDR,HDBSCAN,11,0.5562287937826922,0.9125324488805889,0.43765281173594134,0.5525672371638142,-0.0051615933758019945
Classical shape,K-medoids,11,0.9765442141261446,0.9765442141261446,1.0,1.0,0.3355277887532368
Classical shape,K-means,11,0.9156171475687859,0.9156171475687859,1.0,1.0,0.40065314376583133
Classical shape,Average linkage,11,0.9541751417487416,0.9541751417487416,1.0,1.0,0.11825790012021148
Classical shape,DBSCAN,11,0.873525601223846,,0.7652811735941321,0.7872860635696821,0.3391606363796335
Classical shape,HDBSCAN,11,0.8386591772853438,0.8897760996482171,0.6014669926650367,0.6381418092909535,0.39519577530820604
Classical full,K-medoids,11,0.7192327198416821,0.7192327198416821,1.0,1.0,0.3438127672068394
Classical full,K-means,11,0.9492546639762469,0.9492546639762469,1.0,1.0,0.4802440881509502
Classical full,Average linkage,11,1.0,1.0,1.0,1.0,0.1279373369330646
Classical full,DBSCAN,11,0.9543247329275673,1.0,0.7652811735941321,0.7750611246943765,0.6300671086811411
Classical full,HDBSCAN,11,0.9444252290843302,0.9974797941609096,0.7970660146699267,0.8361858190709046,0.7626253551396618
JDR,K-medoids,12,0.9725483770697763,0.9725483770697763,1.0,1.0,0.23795011435946567
JDR,K-means,12,0.6857474970232819,0.6857474970232819,1.0,1.0,0.24093883454734735
JDR,Average linkage,12,0.9070217839930674,0.9070217839930674,1.0,1.0,-0.004667077991650406
JDR,DBSCAN,12,0.6225657657889456,0.14347256002900943,0.7603911980440098,0.7750611246943765,0.14587866670621796
JDR,HDBSCAN,12,0.49016090823613356,0.8117350508403388,0.4278728606356968,0.5378973105134475,-0.00594931336096726
Classical shape,K-medoids,12,0.5584071909530279,0.5584071909530279,1.0,1.0,0.2130144376548395
Classical shape,K-means,12,0.8851094148312572,0.8851094148312572,1.0,1.0,0.4091949940001795
Classical shape,Average linkage,12,0.9991341409481885,0.9991341409481885,1.0,1.0,0.09699748693154651
Classical shape,DBSCAN,12,0.8748824703416866,,0.7579462102689487,0.7775061124694377,0.33990315899231494
Classical shape,HDBSCAN,12,0.7315485658939711,0.8921782066358303,0.5916870415647921,0.6674816625916871,0.35837143751362854
Classical full,K-medoids,12,0.4450278488064803,0.4450278488064803,1.0,1.0,0.33168804970404897
Classical full,K-means,12,0.9760526665503322,0.9760526665503322,1.0,1.0,0.4207362756204995
Classical full,Average linkage,12,1.0,1.0,1.0,1.0,0.09709360603092503
Classical full,DBSCAN,12,0.9324554455054663,0.9954939592281714,0.7677261613691931,0.7921760391198044,0.6538797491135224
Classical full,HDBSCAN,12,0.9590998766210456,0.9959400887424695,0.7921760391198044,0.8141809290953546,0.7343282402743903
JDR,K-medoids,13,0.9418605392191131,0.9418605392191131,1.0,1.0,0.24513050902046143
JDR,K-means,13,0.5486089598325292,0.5486089598325292,1.0,1.0,0.2424995727716548
JDR,Average linkage,13,0.880361779404247,0.880361779404247,1.0,1.0,0.08817817387589202
JDR,DBSCAN,13,0.6163613330020598,-0.035611580307544015,0.7628361858190709,0.7799511002444988,0.18461433644618824
JDR,HDBSCAN,13,0.46626982830968916,0.8258881592664638,0.4132029339853301,0.5550122249388753,-0.0009265116655222925
Classical shape,K-medoids,13,0.5255557748214783,0.5255557748214783,1.0,1.0,0.10773459733453514
Classical shape,K-means,13,0.9332953162577323,0.9332953162577323,1.0,1.0,0.36711367550087276
Classical shape,Average linkage,13,0.9304678318294358,0.9304678318294358,1.0,1.0,0.07515410329166075
Classical shape,DBSCAN,13,0.7443277498906428,,0.7677261613691931,0.7775061124694377,0.4342254025218974
Classical shape,HDBSCAN,13,0.8657673868672414,0.9976789629926266,0.5672371638141809,0.5696821515892421,0.2644259341636962
Classical full,K-medoids,13,0.6576445132583307,0.6576445132583307,1.0,1.0,0.3446618183729437
Classical full,K-means,13,0.972805425486329,0.972805425486329,1.0,1.0,0.430684927257511
Classical full,Average linkage,13,0.9304678318294358,0.9304678318294358,1.0,1.0,0.07515410329166075
Classical full,DBSCAN,13,0.9447122980718321,1.0,0.7652811735941321,0.7701711491442543,0.6145364156310755
Classical full,HDBSCAN,13,0.9627344695919307,0.9944335809469976,0.7872860635696821,0.8117359413202934,0.7397253226203736
JDR,K-medoids,14,0.5803552430596359,0.5803552430596359,1.0,1.0,0.22672203595844073
JDR,K-means,14,0.44554472349770863,0.44554472349770863,1.0,1.0,0.20591762915757872
JDR,Average linkage,14,0.6974361874698175,0.6974361874698175,1.0,1.0,-0.08395734263668425
JDR,DBSCAN,14,0.5967228534674314,0.322692672061861,0.7799511002444988,0.7897310513447433,0.3413914653703063
JDR,HDBSCAN,14,0.6069390312559694,0.8320623248178062,0.4572127139364303,0.5501222493887531,-0.01854903355551056
Classical shape,K-medoids,14,0.9540386506628278,0.9540386506628278,1.0,1.0,0.3439709036550748
Classical shape,K-means,14,0.8816031174888399,0.8816031174888399,1.0,1.0,0.4337129431385527
Classical shape,Average linkage,14,0.9541751417487416,0.9541751417487416,1.0,1.0,0.10908846994135478
Classical shape,DBSCAN,14,0.7486825154804433,,0.7603911980440098,0.7775061124694377,0.49148931560363107
Classical shape,HDBSCAN,14,0.912775690158293,0.9641765396938167,0.5745721271393643,0.589242053789731,0.30450221260253174
Classical full,K-medoids,14,0.4734677490175069,0.4734677490175069,1.0,1.0,0.6386334472467186
Classical full,K-means,14,0.9336615494405677,0.9336615494405677,1.0,1.0,0.503181396430645
Classical full,Average linkage,14,1.0,1.0,1.0,1.0,0.11785728749824156
Classical full,DBSCAN,14,0.9492597362999469,1.0,0.7555012224938875,0.7701711491442543,0.6577979899191028
Classical full,HDBSCAN,14,0.939749003904243,0.9935295614120606,0.7872860635696821,0.8557457212713936,0.7535847004608913
JDR,K-medoids,15,0.6774769261962089,0.6774769261962089,1.0,1.0,0.22889188635283414
JDR,K-means,15,0.9477051263069027,0.9477051263069027,1.0,1.0,0.26008424581114153
JDR,Average linkage,15,0.35594414986998074,0.35594414986998074,1.0,1.0,0.46511803867953583
JDR,DBSCAN,15,0.6208051816180149,0.140884647715506,0.7726161369193154,0.78239608801956,0.18718042558674014
JDR,HDBSCAN,15,0.4518500518694948,0.8873809466921921,0.4132029339853301,0.5623471882640587,0.015325505627977703
Classical shape,K-medoids,15,0.9892843956699454,0.9892843956699454,1.0,1.0,0.2875098117992401
Classical shape,K-means,15,0.9790076271305991,0.9790076271305991,1.0,1.0,0.31236500107984405
Classical shape,Average linkage,15,1.0,1.0,1.0,1.0,0.08448406926564285
Classical shape,DBSCAN,15,0.9783037175928538,,0.7799511002444988,0.7799511002444988,0.2349231032300042
Classical shape,HDBSCAN,15,0.006394206571368639,,0.6014669926650367,0.9975550122249389,0.06152726945046937
Classical full,K-medoids,15,0.6519901239337129,0.6519901239337129,1.0,1.0,0.3572726613659884
Classical full,K-means,15,0.9098989556462441,0.9098989556462441,1.0,1.0,0.45728809053624103
Classical full,Average linkage,15,1.0,1.0,1.0,1.0,0.08448406926564285
Classical full,DBSCAN,15,0.957714985245193,1.0,0.7677261613691931,0.7701711491442543,0.6189998437122699
Classical full,HDBSCAN,15,0.9465084939621519,0.993066696865016,0.7921760391198044,0.8288508557457213,0.7328363373616051
JDR,K-medoids,16,0.4802005990437403,0.4802005990437403,1.0,1.0,0.2608031201472543
JDR,K-means,16,0.9928894152941207,0.9928894152941207,1.0,1.0,0.2201879141084991
JDR,Average linkage,16,0.2602734784875407,0.2602734784875407,1.0,1.0,0.04786974102767838
JDR,DBSCAN,16,0.6505995006465723,0.32505280479860843,0.7677261613691931,0.784841075794621,0.18207487133205452
JDR,HDBSCAN,16,0.6667066131374783,0.819849926460744,0.4254278728606357,0.4767726161369193,-0.016088236988848745
Classical shape,K-medoids,16,0.9559466918182403,0.9559466918182403,1.0,1.0,0.3132736482741463
Classical shape,K-means,16,0.9147914452404254,0.9147914452404254,1.0,1.0,0.39393321662020814
Classical shape,Average linkage,16,1.0,1.0,1.0,1.0,0.08194191943661228
Classical shape,DBSCAN,16,0.9244592677162671,,0.7775061124694377,0.784841075794621,0.2665062527369597
Classical shape,HDBSCAN,16,0.8926075848955491,1.0,0.5770171149144254,0.5941320293398533,0.3253459594344304
Classical full,K-medoids,16,0.605760456393608,0.605760456393608,1.0,1.0,0.32994731983712244
Classical full,K-means,16,0.9113642659777834,0.9113642659777834,1.0,1.0,0.42358688635563807
Classical full,Average linkage,16,1.0,1.0,1.0,1.0,0.08194191943661228
Classical full,DBSCAN,16,0.9685452740990006,1.0,0.7775061124694377,0.7970660146699267,0.6411543930530509
Classical full,HDBSCAN,16,0.9505605910960548,0.9988938438278706,0.7628361858190709,0.7750611246943765,0.6987758381322907
JDR,K-medoids,17,0.9767408792189376,0.9767408792189376,1.0,1.0,0.2304980671854175
JDR,K-means,17,0.626273511749942,0.626273511749942,1.0,1.0,0.22928970585925884
JDR,Average linkage,17,0.9544428293312445,0.9544428293312445,1.0,1.0,0.01486152293975454
JDR,DBSCAN,17,0.6125717708064693,0.21337787994161167,0.7775061124694377,0.7946210268948656,0.13486501505617257
JDR,HDBSCAN,17,0.6361132784430418,0.8916222381515861,0.43031784841075793,0.5061124694376528,-0.026004618510434167
Classical shape,K-medoids,17,0.7453652963820694,0.7453652963820694,1.0,1.0,0.4222177722341191
Classical shape,K-means,17,0.8671152129415631,0.8671152129415631,1.0,1.0,0.2628890560221466
Classical shape,Average linkage,17,1.0,1.0,1.0,1.0,0.11795172965733365
Classical shape,DBSCAN,17,0.8948361544946638,,0.7628361858190709,0.7775061124694377,0.30285800170003285
Classical shape,HDBSCAN,17,0.5361101802868723,0.5844899499064832,0.4767726161369193,0.4841075794621027,0.10576748037100915
Classical full,K-medoids,17,0.44236647480401586,0.44236647480401586,1.0,1.0,0.62468887663391
Classical full,K-means,17,0.9071871536529557,0.9071871536529557,1.0,1.0,0.38962751912444876
Classical full,Average linkage,17,1.0,1.0,1.0,1.0,0.11795172965733365
Classical full,DBSCAN,17,0.9569457334554999,1.0,0.7603911980440098,0.7726161369193154,0.6479917508135402
Classical full,HDBSCAN,17,0.9847937838015367,1.0,0.7799511002444988,0.7799511002444988,0.726537496096065
JDR,K-medoids,18,0.6366322564713031,0.6366322564713031,1.0,1.0,0.2329884884785772
JDR,K-means,18,1.0,1.0,1.0,1.0,0.24137082658815637
JDR,Average linkage,18,0.8336466537951434,0.8336466537951434,1.0,1.0,-0.013781062475746363
JDR,DBSCAN,18,0.6636975585559767,0.20902458441413335,0.7677261613691931,0.7775061124694377,0.2126694409674072
JDR,HDBSCAN,18,0.5964403583605651,0.7186983166836654,0.4034229828850856,0.46943765281173594,-0.030302421120281475
Classical shape,K-medoids,18,0.775769416501564,0.775769416501564,1.0,1.0,0.35219646443296054
Classical shape,K-means,18,0.9952476222718822,0.9952476222718822,1.0,1.0,0.34719369779362025
Classical shape,Average linkage,18,1.0,1.0,1.0,1.0,0.13364224353105655
Classical shape,DBSCAN,18,0.8342681051284326,,0.7555012224938875,0.7726161369193154,0.32155186136357927
Classical shape,HDBSCAN,18,0.010058208450803506,,0.5941320293398533,0.9902200488997555,0.11349758636462026
Classical full,K-medoids,18,0.7645957631457585,0.7645957631457585,1.0,1.0,0.34837520118059717
Classical full,K-means,18,0.7789073829998622,0.7789073829998622,1.0,1.0,0.5009023774234007
Classical full,Average linkage,18,1.0,1.0,1.0,1.0,0.13364224353105655
Classical full,DBSCAN,18,0.9498239595143889,1.0,0.7677261613691931,0.7701711491442543,0.6032085852708648
Classical full,HDBSCAN,18,0.9576061241088225,1.0,0.8092909535452323,0.8264058679706602,0.7568855680636614
JDR,K-medoids,19,0.6365401758640219,0.6365401758640219,1.0,1.0,0.1871529078334845
JDR,K-means,19,0.9792815886196587,0.9792815886196587,1.0,1.0,0.2094392291832365
JDR,Average linkage,19,0.723839270272067,0.723839270272067,1.0,1.0,-0.03651319410666588
JDR,DBSCAN,19,0.7699315393426379,0.5887443148167449,0.7897310513447433,0.80440097799511,0.28484968904977287
JDR,HDBSCAN,19,-0.025204541128155962,0.02693707524429105,0.4889975550122249,0.8850855745721271,0.07456462294951777
Classical shape,K-medoids,19,0.9392620513428186,0.9392620513428186,1.0,1.0,0.31433424617230593
Classical shape,K-means,19,0.8292842754032519,0.8292842754032519,1.0,1.0,0.24827848544683861
Classical shape,Average linkage,19,0.944130087091213,0.944130087091213,1.0,1.0,0.09221482780315005
Classical shape,DBSCAN,19,0.8852320937974448,,0.7579462102689487,0.7799511002444988,0.28729306486027056
Classical shape,HDBSCAN,19,0.0062544543672957125,,0.5770171149144254,0.9951100244498777,0.0792753670728145
Classical full,K-medoids,19,0.40656590539902354,0.40656590539902354,1.0,1.0,0.6444675984443334
Classical full,K-means,19,0.9647794885017865,0.9647794885017865,1.0,1.0,0.41650161894805066
Classical full,Average linkage,19,0.791091485808996,0.791091485808996,1.0,1.0,0.07136465222157082
Classical full,DBSCAN,19,0.9138641265699561,1.0,0.7530562347188264,0.7946210268948656,0.648261240928582
Classical full,HDBSCAN,19,0.9116238613124081,0.9739611461496482,0.7897310513447433,0.8533007334963325,0.7461471357168726
JDR,K-medoids,20,0.3580744837488693,0.3580744837488693,1.0,1.0,0.17509195487072937
JDR,K-means,20,0.9019651256105582,0.9019651256105582,1.0,1.0,0.25745053527817574
JDR,Average linkage,20,0.9508004890098718,0.9508004890098718,1.0,1.0,0.019949908801350284
JDR,DBSCAN,20,0.7704478591918572,0.6649082982141129,0.7726161369193154,0.7872860635696821,0.3239929898960345
JDR,HDBSCAN,20,0.5185546176597292,0.857561796080115,0.4180929095354523,0.530562347188264,-0.013461328014807445
Classical shape,K-medoids,20,0.818986383493725,0.818986383493725,1.0,1.0,0.39419115338318583
Classical shape,K-means,20,0.9158129350438465,0.9158129350438465,1.0,1.0,0.39068833155874483
Classical shape,Average linkage,20,0.8831090280054491,0.8831090280054491,1.0,1.0,0.10172351313732979
Classical shape,DBSCAN,20,0.8623004034855334,,0.7628361858190709,0.784841075794621,0.35144025615978486
Classical shape,HDBSCAN,20,0.7581655189029655,0.9123288456510812,0.5770171149144254,0.6479217603911981,0.39259325270332934
Classical full,K-medoids,20,0.435120345820837,0.435120345820837,1.0,1.0,0.6734283978385951
Classical full,K-means,20,0.9649489439313444,0.9649489439313444,1.0,1.0,0.4316280067255928
Classical full,Average linkage,20,0.9383106886275459,0.9383106886275459,1.0,1.0,0.09195736429919973
Classical full,DBSCAN,20,0.945410947273077,1.0,0.7555012224938875,0.7652811735941321,0.6030908039986295
Classical full,HDBSCAN,20,0.9229621768092948,0.9913406867723862,0.7897310513447433,0.8459657701711492,0.7753592853746983
JDR,K-medoids,21,0.7901952439045373,0.7901952439045373,1.0,1.0,0.20508567088248447
JDR,K-means,21,0.5528155258164121,0.5528155258164121,1.0,1.0,0.23386375775607268
JDR,Average linkage,21,0.8215840656903195,0.8215840656903195,1.0,1.0,-0.04652707310140573
JDR,DBSCAN,21,0.6117864872885743,0.1110978303100402,0.7799511002444988,0.7872860635696821,0.1706212315717163
JDR,HDBSCAN,21,0.602321306944489,0.8640372269401382,0.44987775061124696,0.5599022004889975,-0.001674376189401421
Classical shape,K-medoids,21,0.9920547669530471,0.9920547669530471,1.0,1.0,0.29791435962546237
Classical shape,K-means,21,0.938133989609427,0.938133989609427,1.0,1.0,0.3757226542257138
Classical shape,Average linkage,21,0.9984523461632385,0.9984523461632385,1.0,1.0,0.11244552349103612
Classical shape,DBSCAN,21,0.8835930347410552,,0.7677261613691931,0.7946210268948656,0.2927746909523763
Classical shape,HDBSCAN,21,0.006735553135256996,,0.5794621026894865,0.9902200488997555,0.0829698897755043
Classical full,K-medoids,21,0.5479383484101227,0.5479383484101227,1.0,1.0,0.34632670506330127
Classical full,K-means,21,0.9358928456487532,0.9358928456487532,1.0,1.0,0.41555003748125935
Classical full,Average linkage,21,0.9541188879507858,0.9541188879507858,1.0,1.0,0.10404367731103692
Classical full,DBSCAN,21,0.927800158435568,1.0,0.7481662591687042,0.7726161369193154,0.6361480795268413
Classical full,HDBSCAN,21,0.8909714173067433,0.9749020491151708,0.7750611246943765,0.843520782396088,0.7292595445106916
JDR,K-medoids,22,0.49542306732349833,0.49542306732349833,1.0,1.0,0.2774986493784496
JDR,K-means,22,0.9096478446699224,0.9096478446699224,1.0,1.0,0.27421399146557157
JDR,Average linkage,22,0.8710613375045373,0.8710613375045373,1.0,1.0,0.08137489749709545
JDR,DBSCAN,22,0.6732566848019985,0.30390937801692847,0.7628361858190709,0.7701711491442543,0.3945604503108844
JDR,HDBSCAN,22,0.5494991514074358,0.8016459949633135,0.44254278728606355,0.5770171149144254,0.011878123690397766
Classical shape,K-medoids,22,0.7355575121898097,0.7355575121898097,1.0,1.0,0.3723820237779113
Classical shape,K-means,22,0.8610292366373627,0.8610292366373627,1.0,1.0,0.2645703179903745
Classical shape,Average linkage,22,1.0,1.0,1.0,1.0,0.1022303696511113
Classical shape,DBSCAN,22,0.9352947085771909,,0.7775061124694377,0.7872860635696821,0.2874595104364842
Classical shape,HDBSCAN,22,0.5279625823670432,0.8231550546575261,0.45965770171149145,0.46454767726161367,0.10625578963207835
Classical full,K-medoids,22,0.6760718137831241,0.6760718137831241,1.0,1.0,0.29231692160540934
Classical full,K-means,22,0.9082180599210009,0.9082180599210009,1.0,1.0,0.409305977834626
Classical full,Average linkage,22,1.0,1.0,1.0,1.0,0.1022303696511113
Classical full,DBSCAN,22,0.9704034177125513,1.0,0.7799511002444988,0.7872860635696821,0.6584812968509156
Classical full,HDBSCAN,22,0.9136814510600967,0.9696064680786658,0.784841075794621,0.8459657701711492,0.7771817857006738
JDR,K-medoids,23,0.6609100982624847,0.6609100982624847,1.0,1.0,0.2303529477523135
JDR,K-means,23,0.6051096111027995,0.6051096111027995,1.0,1.0,0.22620633168026932
JDR,Average linkage,23,0.8500965442107948,0.8500965442107948,1.0,1.0,-0.024166802609461215
JDR,DBSCAN,23,0.9475608831217895,0.9980316810164235,0.7750611246943765,0.784841075794621,0.2083089240632386
JDR,HDBSCAN,23,0.6425244536056925,0.7757231688810169,0.4400977995110024,0.5061124694376528,-0.04482175638324702
Classical shape,K-medoids,23,0.9764105355282282,0.9764105355282282,1.0,1.0,0.30640990303116755
Classical shape,K-means,23,0.8817739637148047,0.8817739637148047,1.0,1.0,0.40389672154436973
Classical shape,Average linkage,23,1.0,1.0,1.0,1.0,0.10223912003988839
Classical shape,DBSCAN,23,0.8856872260467136,,0.7726161369193154,0.7799511002444988,0.291817626590788
Classical shape,HDBSCAN,23,0.010340872382719482,,0.5990220048899756,0.9902200488997555,0.08941594390812613
Classical full,K-medoids,23,0.6595323983046548,0.6595323983046548,1.0,1.0,0.36950651228581743
Classical full,K-means,23,0.9583681238771649,0.9583681238771649,1.0,1.0,0.4483435384008254
Classical full,Average linkage,23,1.0,1.0,1.0,1.0,0.10223912003988839
Classical full,DBSCAN,23,0.9640932554712216,1.0,0.7750611246943765,0.7970660146699267,0.6561987055827004
Classical full,HDBSCAN,23,0.9241083448832752,0.9700542611132116,0.7995110024449877,0.863080684596577,0.7686979204787913
JDR,K-medoids,24,0.6209253943877684,0.6209253943877684,1.0,1.0,0.2074225987628859
JDR,K-means,24,0.9652850015653323,0.9652850015653323,1.0,1.0,0.20575743374273714
JDR,Average linkage,24,0.8793931859020422,0.8793931859020422,1.0,1.0,0.021730331053303107
JDR,DBSCAN,24,0.8258386025657378,0.6879067251540906,0.7799511002444988,0.7872860635696821,0.26460988599173724
JDR,HDBSCAN,24,0.49889115729654565,0.7785389619420136,0.4058679706601467,0.5256723716381418,-0.0013718243704067374
Classical shape,K-medoids,24,0.9347895861010938,0.9347895861010938,1.0,1.0,0.27661406770081387
Classical shape,K-means,24,1.0,1.0,1.0,1.0,0.31250764065668424
Classical shape,Average linkage,24,0.9533472386729077,0.9533472386729077,1.0,1.0,0.1130882593093
Classical shape,DBSCAN,24,0.8532293158505746,,0.7628361858190709,0.7921760391198044,0.26672159232364273
Classical shape,HDBSCAN,24,0.005640467347570118,,0.5721271393643031,0.9902200488997555,0.10013835278356666
Classical full,K-medoids,24,0.4185907110135788,0.4185907110135788,1.0,1.0,0.32064320740673924
Classical full,K-means,24,1.0,1.0,1.0,1.0,0.3964478153261944
Classical full,Average linkage,24,0.9533472386729077,0.9533472386729077,1.0,1.0,0.1130882593093
Classical full,DBSCAN,24,0.9687797198418652,1.0,0.7579462102689487,0.7677261613691931,0.6253360701548388
Classical full,HDBSCAN,24,0.906965271289258,0.9735623404637842,0.7897310513447433,0.8581907090464548,0.7452112095326634
JDR,K-medoids,25,0.6504099005020307,0.6504099005020307,1.0,1.0,0.21635718729775594
JDR,K-means,25,0.41063849481649645,0.41063849481649645,1.0,1.0,0.22617747012943937
JDR,Average linkage,25,0.9490876580506943,0.9490876580506943,1.0,1.0,0.025945666034739953
JDR,DBSCAN,25,0.7693075395853936,0.5761919304123806,0.7946210268948656,0.8068459657701712,0.13117185572071297
JDR,HDBSCAN,25,0.5105199972863861,0.8985451457541245,0.4352078239608802,0.5721271393643031,-0.0088821935730694
Classical shape,K-medoids,25,0.9792383613356549,0.9792383613356549,1.0,1.0,0.3073463998283009
Classical shape,K-means,25,0.9399002957627678,0.9399002957627678,1.0,1.0,0.29686941121382915
Classical shape,Average linkage,25,0.9576432962400274,0.9576432962400274,1.0,1.0,0.11979768985693873
Classical shape,DBSCAN,25,0.884411916158881,,0.7628361858190709,0.78239608801956,0.3275224791114515
Classical shape,HDBSCAN,25,0.699033352943598,0.7981018218690367,0.5599022004889975,0.6454767726161369,0.42483622001790855
Classical full,K-medoids,25,0.46422488388291583,0.46422488388291583,1.0,1.0,0.3415445964693997
Classical full,K-means,25,0.9655938949111093,0.9655938949111093,1.0,1.0,0.4397914470775519
Classical full,Average linkage,25,1.0,1.0,1.0,1.0,0.12865999118067223
Classical full,DBSCAN,25,0.9458789531874084,0.9977326986073091,0.7652811735941321,0.7946210268948656,0.6752161072752673
Classical full,HDBSCAN,25,0.9673855416099223,0.9929364494606875,0.7995110024449877,0.823960880195599,0.7554176359581952
JDR,K-medoids,26,0.6186609980483672,0.6186609980483672,1.0,1.0,0.23011294258283188
JDR,K-means,26,1.0,1.0,1.0,1.0,0.2361771429571931
JDR,Average linkage,26,0.4188756579360824,0.4188756579360824,1.0,1.0,-0.12583963802872317
JDR,DBSCAN,26,0.8748397342181427,0.8244618302868351,0.7750611246943765,0.7799511002444988,0.2717712947198913
JDR,HDBSCAN,26,0.5586131828654716,0.9051234010758172,0.4449877750611247,0.5476772616136919,0.013342546587964531
Classical shape,K-medoids,26,0.7635879944109637,0.7635879944109637,1.0,1.0,0.3940348106220479
Classical shape,K-means,26,0.984040505542419,0.984040505542419,1.0,1.0,0.34872784448114835
Classical shape,Average linkage,26,1.0,1.0,1.0,1.0,0.11990871310223807
Classical shape,DBSCAN,26,0.8952101294423446,,0.7603911980440098,0.7775061124694377,0.2939021369443306
Classical shape,HDBSCAN,26,0.009923115413849694,,0.589242053789731,0.9902200488997555,0.09815408486821307
Classical full,K-medoids,26,0.4717223835457844,0.4717223835457844,1.0,1.0,0.6866573547078894
Classical full,K-means,26,0.9586108177942904,0.9586108177942904,1.0,1.0,0.4623463963175006
Classical full,Average linkage,26,1.0,1.0,1.0,1.0,0.11990871310223807
Classical full,DBSCAN,26,0.9474322071923827,0.9965108547746525,0.7652811735941321,0.7872860635696821,0.6594780182083956
Classical full,HDBSCAN,26,0.9590240276657905,0.9968308444790572,0.7897310513447433,0.8068459657701712,0.7685447541921449
JDR,K-medoids,27,0.5998828885255414,0.5998828885255414,1.0,1.0,0.2242413085446575
JDR,K-means,27,0.9080668134818483,0.9080668134818483,1.0,1.0,0.24942381972397576
JDR,Average linkage,27,0.41428034637858857,0.41428034637858857,1.0,1.0,-0.11527068906016598
JDR,DBSCAN,27,0.7705075940806879,0.547993937724171,0.784841075794621,0.7921760391198044,0.2005576267939897
JDR,HDBSCAN,27,0.6449926402069031,0.8976686630665245,0.44254278728606355,0.508557457212714,-0.004787703678917512
Classical shape,K-medoids,27,0.9832693555090614,0.9832693555090614,1.0,1.0,0.2915731180364704
Classical shape,K-means,27,0.8423609983017475,0.8423609983017475,1.0,1.0,0.25111918152822493
Classical shape,Average linkage,27,1.0,1.0,1.0,1.0,0.09897672714607753
Classical shape,DBSCAN,27,0.9569858251944684,,0.7750611246943765,0.7799511002444988,0.25930334337676303
Classical shape,HDBSCAN,27,0.5582251001473559,0.798121986202434,0.4621026894865526,0.4621026894865526,0.1056049763019845
Classical full,K-medoids,27,0.74929838637694,0.74929838637694,1.0,1.0,0.2837967305667146
Classical full,K-means,27,0.9312724577300482,0.9312724577300482,1.0,1.0,0.43117579055213673
Classical full,Average linkage,27,1.0,1.0,1.0,1.0,0.09897672714607753
Classical full,DBSCAN,27,0.9482283474812063,1.0,0.7579462102689487,0.7701711491442543,0.6284495691085628
Classical full,HDBSCAN,27,0.9230568439770173,0.9910815899664139,0.7750611246943765,0.8166259168704156,0.7115619525941164
JDR,K-medoids,28,0.6250695052516178,0.6250695052516178,1.0,1.0,0.2029393588554512
JDR,K-means,28,0.9596453100779279,0.9596453100779279,1.0,1.0,0.20775590765092786
JDR,Average linkage,28,0.773652714740686,0.773652714740686,1.0,1.0,-0.029262960841177278
JDR,DBSCAN,28,0.6798581399940647,0.16917333448072336,0.7701711491442543,0.7701711491442543,0.14721110391841463
JDR,HDBSCAN,28,0.57498439024496,0.8929515849019846,0.38875305623471884,0.4572127139364303,-0.07777775684085399
Classical shape,K-medoids,28,0.8521279207565143,0.8521279207565143,1.0,1.0,0.3581855954793505
Classical shape,K-means,28,0.9520099518140037,0.9520099518140037,1.0,1.0,0.3053259483344872
Classical shape,Average linkage,28,1.0,1.0,1.0,1.0,0.09843543317150805
Classical shape,DBSCAN,28,0.8796782034573005,,0.7750611246943765,0.7897310513447433,0.28715449844733065
Classical shape,HDBSCAN,28,0.5508915786168794,0.8334272672789927,0.4621026894865526,0.4621026894865526,0.09692037960181189
Classical full,K-medoids,28,0.6987269218143741,0.6987269218143741,1.0,1.0,0.3698322703220961
Classical full,K-means,28,0.9563557819453234,0.9563557819453234,1.0,1.0,0.3967418352255051
Classical full,Average linkage,28,1.0,1.0,1.0,1.0,0.09843543317150805
Classical full,DBSCAN,28,0.9837782926244254,1.0,0.7726161369193154,0.7775061124694377,0.6290350371038914
Classical full,HDBSCAN,28,0.8947919838909023,0.9732742994715613,0.8141809290953546,0.8924205378973105,0.8152743746787507
JDR,K-medoids,29,0.9853720551201289,0.9853720551201289,1.0,1.0,0.23236280421131614
JDR,K-means,29,0.5727296532189287,0.5727296532189287,1.0,1.0,0.22532255381680577
JDR,Average linkage,29,0.8829110089393505,0.8829110089393505,1.0,1.0,0.04908094185742153
JDR,DBSCAN,29,0.7591881006513742,0.4531790474956403,0.7701711491442543,0.7750611246943765,0.14709633737387978
JDR,HDBSCAN,29,0.7375731327178701,0.8673306572444485,0.45965770171149145,0.5012224938875306,-0.029204043322328895
Classical shape,K-medoids,29,0.509627770220934,0.509627770220934,1.0,1.0,0.19583629653184434
Classical shape,K-means,29,0.9277740773691365,0.9277740773691365,1.0,1.0,0.37881183088191633
Classical shape,Average linkage,29,0.9495092155847975,0.9495092155847975,1.0,1.0,0.09414160728222294
Classical shape,DBSCAN,29,0.9049619781467831,,0.7652811735941321,0.784841075794621,0.2706561805321463
Classical shape,HDBSCAN,29,0.005074875017114837,,0.5819070904645477,0.9951100244498777,0.06760754494183507
Classical full,K-medoids,29,0.4636951330279933,0.4636951330279933,1.0,1.0,0.49184745900198973
Classical full,K-means,29,0.9586379077356209,0.9586379077356209,1.0,1.0,0.44950409067459046
Classical full,Average linkage,29,0.94498131095198,0.94498131095198,1.0,1.0,0.08933521005567545
Classical full,DBSCAN,29,0.9640959742827324,0.9958037664696819,0.7726161369193154,0.7946210268948656,0.6430873657865731
Classical full,HDBSCAN,29,0.9634676042227257,0.9956673032270151,0.7921760391198044,0.8141809290953546,0.733985462544365
